-- MySQL dump 10.13  Distrib 8.0.26, for Linux (x86_64)
--
-- Host: localhost    Database: laravel_react_crm
-- ------------------------------------------------------
-- Server version	8.0.26-0ubuntu0.21.04.3

/*!40101 SET @OLD_CHARACTER_SET_CLIENT=@@CHARACTER_SET_CLIENT */;
/*!40101 SET @OLD_CHARACTER_SET_RESULTS=@@CHARACTER_SET_RESULTS */;
/*!40101 SET @OLD_COLLATION_CONNECTION=@@COLLATION_CONNECTION */;
/*!50503 SET NAMES utf8mb4 */;
/*!40103 SET @OLD_TIME_ZONE=@@TIME_ZONE */;
/*!40103 SET TIME_ZONE='+00:00' */;
/*!40014 SET @OLD_UNIQUE_CHECKS=@@UNIQUE_CHECKS, UNIQUE_CHECKS=0 */;
/*!40014 SET @OLD_FOREIGN_KEY_CHECKS=@@FOREIGN_KEY_CHECKS, FOREIGN_KEY_CHECKS=0 */;
/*!40101 SET @OLD_SQL_MODE=@@SQL_MODE, SQL_MODE='NO_AUTO_VALUE_ON_ZERO' */;
/*!40111 SET @OLD_SQL_NOTES=@@SQL_NOTES, SQL_NOTES=0 */;

--
-- Table structure for table `author`
--

DROP TABLE IF EXISTS `author`;
/*!40101 SET @saved_cs_client     = @@character_set_client */;
/*!50503 SET character_set_client = utf8mb4 */;
CREATE TABLE `author` (
  `id_author` int NOT NULL AUTO_INCREMENT,
  `name` varchar(100) DEFAULT NULL,
  `alamat` varchar(100) DEFAULT NULL,
  `created_at` timestamp NULL DEFAULT NULL,
  `updated_at` timestamp NULL DEFAULT NULL,
  `deleted_at` timestamp NULL DEFAULT NULL,
  PRIMARY KEY (`id_author`)
) ENGINE=InnoDB AUTO_INCREMENT=3 DEFAULT CHARSET=utf8mb4 COLLATE=utf8mb4_0900_ai_ci;
/*!40101 SET character_set_client = @saved_cs_client */;

--
-- Dumping data for table `author`
--

LOCK TABLES `author` WRITE;
/*!40000 ALTER TABLE `author` DISABLE KEYS */;
INSERT INTO `author` VALUES (1,'ss','sdsd','2021-08-20 08:41:23','2021-08-20 08:41:23',NULL),(2,'ddx','sdsdss','2021-08-20 08:41:23','2021-08-20 08:41:23',NULL);
/*!40000 ALTER TABLE `author` ENABLE KEYS */;
UNLOCK TABLES;

--
-- Table structure for table `book`
--

DROP TABLE IF EXISTS `book`;
/*!40101 SET @saved_cs_client     = @@character_set_client */;
/*!50503 SET character_set_client = utf8mb4 */;
CREATE TABLE `book` (
  `id_book` varchar(36) NOT NULL,
  `title` varchar(100) DEFAULT NULL,
  `description` varchar(100) DEFAULT NULL,
  `id_author` int DEFAULT NULL,
  `allow_pinjam` tinyint DEFAULT NULL,
  `tanggal_pinjam` date DEFAULT NULL,
  `created_at` timestamp NULL DEFAULT NULL,
  `updated_at` timestamp NULL DEFAULT NULL,
  `deleted_at` timestamp NULL DEFAULT NULL,
  PRIMARY KEY (`id_book`),
  KEY `book_FK` (`id_author`),
  CONSTRAINT `book_FK` FOREIGN KEY (`id_author`) REFERENCES `author` (`id_author`)
) ENGINE=InnoDB DEFAULT CHARSET=utf8mb4 COLLATE=utf8mb4_0900_ai_ci;
/*!40101 SET character_set_client = @saved_cs_client */;

--
-- Dumping data for table `book`
--

LOCK TABLES `book` WRITE;
/*!40000 ALTER TABLE `book` DISABLE KEYS */;
INSERT INTO `book` VALUES ('00d24c30-ea24-37a4-a826-cb220373bde3','tes668','wdwdw',1,1,NULL,'2021-08-26 20:35:20','2021-08-26 20:35:20',NULL),('016d05fc-7332-33e7-b973-a32c5901febb','tes966','wdwdw',2,1,NULL,'2021-08-26 20:35:24','2021-08-26 20:35:24',NULL),('01b85997-21aa-3b55-ae6f-9c8c41a0dc56','tes922','wdwdw',2,0,NULL,'2021-08-26 20:35:23','2021-08-26 20:35:23',NULL),('01ef123a-c7a1-3da9-a2cd-cb985fc4e71b','tes883','wdwdw',2,0,NULL,'2021-08-26 20:35:23','2021-08-26 20:35:23',NULL),('0219d1f0-2879-3c6f-9754-818134b6be4d','tes18','wdwdw',2,0,NULL,'2021-08-26 20:35:09','2021-08-26 20:35:09',NULL),('022c55b5-61a5-3848-8a39-3b978569c384','tes215','wdwdw',2,1,NULL,'2021-08-26 20:35:13','2021-08-26 20:35:13',NULL),('028a3c6c-348c-3f04-a12e-3fcb6646d6de','tes720','wdwdw',2,0,NULL,'2021-08-26 20:35:20','2021-08-26 20:35:20',NULL),('028bf037-ba03-30ab-bbaa-85c4c5a40f53','tes50','wdwdw',1,1,NULL,'2021-08-26 20:35:10','2021-08-26 20:35:10',NULL),('02afc47d-4f6d-39bb-9eb5-21b4d718ada4','tes244','wdwdw',2,1,NULL,'2021-08-26 20:35:13','2021-08-26 20:35:13',NULL),('02f59e77-4ec9-33a1-b3ef-a7750e09e341','tes111','wdwdw',2,1,NULL,'2021-08-26 20:35:11','2021-08-26 20:35:11',NULL),('033f6aab-e988-3275-be41-bd065e9e859e','tes943','wdwdw',2,0,NULL,'2021-08-26 20:35:24','2021-08-26 20:35:24',NULL),('0354763e-efbd-383b-b7de-8ab39166169d','tes897','wdwdw',2,0,NULL,'2021-08-26 20:35:23','2021-08-26 20:35:23',NULL),('03854372-c251-3096-986f-453d52b53fa4','tes444','wdwdw',1,1,NULL,'2021-08-26 20:35:16','2021-08-26 20:35:16',NULL),('03a8fa0d-e333-32ac-a817-0ef000b3c329','tes185','wdwdw',2,1,NULL,'2021-08-26 20:35:12','2021-08-26 20:35:12',NULL),('04309dd6-ae48-3515-a702-53e54d859b19','tes325','wdwdw',2,1,NULL,'2021-08-26 20:35:14','2021-08-26 20:35:14',NULL),('04b395e1-25ac-34aa-911a-c6383be1ebf7','tes977','wdwdw',1,1,NULL,'2021-08-26 20:35:24','2021-08-26 20:35:24',NULL),('04b39711-9e12-3c38-89ef-de2ab730761e','tes636','wdwdw',1,0,NULL,'2021-08-26 20:35:19','2021-08-26 20:35:19',NULL),('04c87cb8-415f-3383-9e20-50bf50b6329a','tes582','wdwdw',2,1,NULL,'2021-08-26 20:35:18','2021-08-26 20:35:18',NULL),('051a4e95-116e-3b9a-a975-e67950da317b','tes35','wdwdw',2,1,NULL,'2021-08-26 20:35:10','2021-08-26 20:35:10',NULL),('0523414a-8691-377f-93cf-7f6a104c79fc','tes729','wdwdw',2,1,NULL,'2021-08-26 20:35:20','2021-08-26 20:35:20',NULL),('052acdd7-c038-3f57-9ece-eccea2b80cc7','tes503','wdwdw',2,1,NULL,'2021-08-26 20:35:17','2021-08-26 20:35:17',NULL),('05837894-8e90-34b8-b31f-4346d0ce596b','tes769','wdwdw',1,1,NULL,'2021-08-26 20:35:21','2021-08-26 20:35:21',NULL),('05b629d4-9155-3ce2-80d8-f405f7ebbd92','tes849','wdwdw',1,1,NULL,'2021-08-26 20:35:22','2021-08-26 20:35:22',NULL),('05d7f220-99b7-3cf6-aaf4-e94cd45f10e7','tes801','wdwdw',1,1,NULL,'2021-08-26 20:35:22','2021-08-26 20:35:22',NULL),('064f8415-00f8-300b-986c-8ed0d99cb214','tes968','wdwdw',2,0,NULL,'2021-08-26 20:35:24','2021-08-26 20:35:24',NULL),('0659b996-0a5d-3de7-8a11-82e15eb100dd','tes953','wdwdw',2,0,NULL,'2021-08-26 20:35:24','2021-08-26 20:35:24',NULL),('0666f49f-9a9a-3767-a27c-d73238880eb7','tes590','wdwdw',1,0,NULL,'2021-08-26 20:35:18','2021-08-26 20:35:18',NULL),('06df0c81-772a-3d20-8b2d-c42ad937e559','tes178','wdwdw',1,1,NULL,'2021-08-26 20:35:12','2021-08-26 20:35:12',NULL),('072da4eb-8b40-3ca0-a71b-2e7f1bdc0649','tes580','wdwdw',1,1,NULL,'2021-08-26 20:35:18','2021-08-26 20:35:18',NULL),('075372b4-3900-3285-8f3a-d360712eabe4','tes526','wdwdw',1,1,NULL,'2021-08-26 20:35:17','2021-08-26 20:35:17',NULL),('0764716b-b2a3-32c8-9bf3-8fb7861984b3','tes622','wdwdw',1,1,NULL,'2021-08-26 20:35:19','2021-08-26 20:35:19',NULL),('07a38455-c026-37f3-b201-aef000b715ac','tes488','wdwdw',1,0,NULL,'2021-08-26 20:35:17','2021-08-26 20:35:17',NULL),('07e3eb6b-4c67-3304-b24b-3d67fe7a3734','tes894','wdwdw',2,1,NULL,'2021-08-26 20:35:23','2021-08-26 20:35:23',NULL),('07f42965-9266-359c-afda-b2a9a052219e','tes253','wdwdw',2,0,NULL,'2021-08-26 20:35:13','2021-08-26 20:35:13',NULL),('085e636e-4682-31dc-aeb6-a8ddee1f1539','tes680','wdwdw',1,1,NULL,'2021-08-26 20:35:20','2021-08-26 20:35:20',NULL),('098d6086-1082-3bb4-afde-7e77ec5dc9b4','tes367','wdwdw',1,1,NULL,'2021-08-26 20:35:15','2021-08-26 20:35:15',NULL),('0a058023-7de5-3ecf-a527-9dc07315f275','tes678','wdwdw',2,1,NULL,'2021-08-26 20:35:20','2021-08-26 20:35:20',NULL),('0a3185c7-1cd7-30b7-a7c3-dfd900cb0d64','tes870','wdwdw',2,1,NULL,'2021-08-26 20:35:23','2021-08-26 20:35:23',NULL),('0ba58170-6592-3117-9944-f144aa7598a1','tes80','wdwdw',2,1,NULL,'2021-08-26 20:35:10','2021-08-26 20:35:10',NULL),('0bb23509-0a60-35fa-886c-23bb27f7ad91','tes650','wdwdw',2,1,NULL,'2021-08-26 20:35:19','2021-08-26 20:35:19',NULL),('0c1a947f-fb32-3123-a82e-cb67b7fc7cbe','tes990','wdwdw',2,0,NULL,'2021-08-26 20:35:25','2021-08-26 20:35:25',NULL),('0c4c0db9-df05-34d3-b92c-91ca69e79634','tes872','wdwdw',1,0,NULL,'2021-08-26 20:35:23','2021-08-26 20:35:23',NULL),('0c50e507-e527-3088-a593-52880ecb1e7d','tes806','wdwdw',2,1,NULL,'2021-08-26 20:35:22','2021-08-26 20:35:22',NULL),('0d05ec2f-2233-33dc-82c1-ce4396f6cc74','tes973','wdwdw',2,0,NULL,'2021-08-26 20:35:24','2021-08-26 20:35:24',NULL),('0d42c96b-cb13-3f2a-858f-0f0e0554c8c2','tes469','wdwdw',2,0,NULL,'2021-08-26 20:35:16','2021-08-26 20:35:16',NULL),('0d5ffa3e-1b2d-350e-9d75-810828761131','tes133','wdwdw',1,1,NULL,'2021-08-26 20:35:11','2021-08-26 20:35:11',NULL),('0d6bbfb8-dcc0-3fc9-931f-dc5e930cb33e','tes534','wdwdw',1,1,NULL,'2021-08-26 20:35:17','2021-08-26 20:35:17',NULL),('0d6f8be0-8990-3a03-ad8c-f7e47a4666a7','tes347','wdwdw',1,0,NULL,'2021-08-26 20:35:15','2021-08-26 20:35:15',NULL),('0d7cae90-b277-3dfb-9343-5eb105ed3ac7','tes138','wdwdw',1,0,NULL,'2021-08-26 20:35:11','2021-08-26 20:35:11',NULL),('0d98ef5c-645f-38d2-9089-089e4acac9f4','tes676','wdwdw',1,1,NULL,'2021-08-26 20:35:20','2021-08-26 20:35:20',NULL),('0da9d69c-2617-3775-8527-2b7943465aac','tes456','wdwdw',1,1,NULL,'2021-08-26 20:35:16','2021-08-26 20:35:16',NULL),('0de6eaaa-6076-3634-bd79-1ed042c8950b','tes766','wdwdw',1,0,NULL,'2021-08-26 20:35:21','2021-08-26 20:35:21',NULL),('0e11b12d-1837-3ae4-b775-91d8a0d86738','tes626','wdwdw',2,0,NULL,'2021-08-26 20:35:19','2021-08-26 20:35:19',NULL),('0e2d53d9-ff93-3e37-82a7-bc2227ffd514','tes134','wdwdw',1,1,NULL,'2021-08-26 20:35:11','2021-08-26 20:35:11',NULL),('0e4eb900-7492-34c5-afff-9ad89b641e6d','tes376','wdwdw',1,0,NULL,'2021-08-26 20:35:15','2021-08-26 20:35:15',NULL),('0e7a6067-0e8b-3b79-91b4-f222b94843c1','tes523','wdwdw',1,0,NULL,'2021-08-26 20:35:17','2021-08-26 20:35:17',NULL),('0eb1a95b-d9f3-3f93-9224-4411bb8ead12','tes642','wdwdw',1,0,NULL,'2021-08-26 20:35:19','2021-08-26 20:35:19',NULL),('0edba59c-46e4-3a1c-afe1-0fbc0a24a540','tes233','wdwdw',2,0,NULL,'2021-08-26 20:35:13','2021-08-26 20:35:13',NULL),('0f0c9f6f-3336-378a-8b3d-0c72ed8747b3','tes242','wdwdw',1,1,NULL,'2021-08-26 20:35:13','2021-08-26 20:35:13',NULL),('0f209427-517e-36c8-a869-c44b0a4fd6f7','tes279','wdwdw',1,0,NULL,'2021-08-26 20:35:13','2021-08-26 20:35:13',NULL),('0f28a2ce-a942-3a41-af87-8e9c065f42d4','tes52','wdwdw',1,0,NULL,'2021-08-26 20:35:10','2021-08-26 20:35:10',NULL),('0f56f54e-d30e-3af0-9cb3-074a1034a19d','tes319','wdwdw',1,0,NULL,'2021-08-26 20:35:14','2021-08-26 20:35:14',NULL),('0f68fcf9-2331-3f7a-8546-616c787a4225','tes348','wdwdw',2,0,NULL,'2021-08-26 20:35:15','2021-08-26 20:35:15',NULL),('0f8c69d7-5fe6-383a-a3ed-d09b6d7ced7d','tes361','wdwdw',1,0,NULL,'2021-08-26 20:35:15','2021-08-26 20:35:15',NULL),('0f8d162d-aafc-3dcf-bb4a-46864d2aa7bc','tes947','wdwdw',2,0,NULL,'2021-08-26 20:35:24','2021-08-26 20:35:24',NULL),('105165fd-7a61-3718-81c6-775e1e0bc752','tes121','wdwdw',1,0,NULL,'2021-08-26 20:35:11','2021-08-26 20:35:11',NULL),('10a0b3ff-ab90-31f7-bec6-56ab58c2409c','tes46','wdwdw',1,0,NULL,'2021-08-26 20:35:10','2021-08-26 20:35:10',NULL),('10c20919-654c-39f9-93d4-9757cac64c55','tes55','wdwdw',2,0,NULL,'2021-08-26 20:35:10','2021-08-26 20:35:10',NULL),('10cb5233-5014-3c14-9bc3-75828b44ad84','tes670','wdwdw',1,1,NULL,'2021-08-26 20:35:20','2021-08-26 20:35:20',NULL),('10f0c10e-5564-3a4b-8533-6b278f9f7e89','tes587','wdwdw',2,1,NULL,'2021-08-26 20:35:18','2021-08-26 20:35:18',NULL),('110e23b7-f615-39f2-9d54-a422e7d13cf5','tes131','wdwdw',1,0,NULL,'2021-08-26 20:35:11','2021-08-26 20:35:11',NULL),('1110769e-6cff-3173-89df-63c28c1c63ce','tes619','wdwdw',2,0,NULL,'2021-08-26 20:35:19','2021-08-26 20:35:19',NULL),('11518316-1610-3db3-864b-aaf05055e95e','tes817','wdwdw',2,0,NULL,'2021-08-26 20:35:22','2021-08-26 20:35:22',NULL),('11c79129-c113-3d82-b5f1-e2040fc7d6f1','tes795','wdwdw',1,1,NULL,'2021-08-26 20:35:22','2021-08-26 20:35:22',NULL),('11e6c179-9084-3947-9258-c3685c0ddd11','tes427','wdwdw',2,0,NULL,'2021-08-26 20:35:16','2021-08-26 20:35:16',NULL),('1212cfd3-2095-31e2-89e8-60d1f84986b7','tes569','wdwdw',2,1,NULL,'2021-08-26 20:35:18','2021-08-26 20:35:18',NULL),('125661c0-d880-3d7d-91c6-079503f268d2','tes179','wdwdw',2,0,NULL,'2021-08-26 20:35:12','2021-08-26 20:35:12',NULL),('12a9efa9-e94e-3029-b6bd-95336666b313','tes372','wdwdw',1,1,NULL,'2021-08-26 20:35:15','2021-08-26 20:35:15',NULL),('12b3bcd6-53b9-3635-b19f-4a03ca2dfa9f','tes930','wdwdw',1,0,NULL,'2021-08-26 20:35:24','2021-08-26 20:35:24',NULL),('12c03abd-ab89-3ce9-a82b-6cfbb5bb3076','tes694','wdwdw',1,0,NULL,'2021-08-26 20:35:20','2021-08-26 20:35:20',NULL),('13831a2a-fd49-3f07-b873-ef5ac7e300d9','tes684','wdwdw',1,0,NULL,'2021-08-26 20:35:20','2021-08-26 20:35:20',NULL),('13846f33-1a8f-3229-bd90-0e6e25b01a80','tes896','wdwdw',1,0,NULL,'2021-08-26 20:35:23','2021-08-26 20:35:23',NULL),('13dc0cac-853f-377f-90cf-01c537e3a77c','tes820','wdwdw',1,0,NULL,'2021-08-26 20:35:22','2021-08-26 20:35:22',NULL),('1416ea5e-c926-373b-9c93-98fe5173b3ea','tes43','wdwdw',1,0,NULL,'2021-08-26 20:35:10','2021-08-26 20:35:10',NULL),('14bcf9e2-4d51-351c-b4bc-b9dd06b3a1d2','tes532','wdwdw',2,0,NULL,'2021-08-26 20:35:17','2021-08-26 20:35:17',NULL),('154014f9-e71c-3fad-b97f-4591c4c5e2c4','tes746','wdwdw',1,0,NULL,'2021-08-26 20:35:21','2021-08-26 20:35:21',NULL),('163e7072-7481-38a4-a746-0b3eae672ca3','tes308','wdwdw',1,1,NULL,'2021-08-26 20:35:14','2021-08-26 20:35:14',NULL),('164f80ff-7da5-30aa-bfd9-ad6a39654f12','tes829','wdwdw',2,0,NULL,'2021-08-26 20:35:22','2021-08-26 20:35:22',NULL),('1650782d-fa7c-3e76-a496-ef08988a93aa','tes643','wdwdw',1,1,NULL,'2021-08-26 20:35:19','2021-08-26 20:35:19',NULL),('1650a742-2199-3852-b8ca-8a7232190115','tes273','wdwdw',2,0,NULL,'2021-08-26 20:35:13','2021-08-26 20:35:13',NULL),('16717bba-c779-3c0e-aafd-3659fab8e49c','tes877','wdwdw',1,1,NULL,'2021-08-26 20:35:23','2021-08-26 20:35:23',NULL),('16e77ee3-3ea1-3a76-a211-f1f20cea97e8','tes339','wdwdw',2,1,NULL,'2021-08-26 20:35:14','2021-08-26 20:35:14',NULL),('1720584f-63ad-3328-ae0b-2063165642bd','tes363','wdwdw',2,0,NULL,'2021-08-26 20:35:15','2021-08-26 20:35:15',NULL),('173104be-e041-31f5-969a-30497379f3e4','tes909','wdwdw',2,0,NULL,'2021-08-26 20:35:23','2021-08-26 20:35:23',NULL),('1743a91a-6e9b-3ee7-b5e8-8fc1fba578d7','tes19','wdwdw',1,1,NULL,'2021-08-26 20:35:09','2021-08-26 20:35:09',NULL),('17657b35-d39a-33d9-b382-67dfd721cdef','tes609','wdwdw',1,1,NULL,'2021-08-26 20:35:19','2021-08-26 20:35:19',NULL),('18360f3f-89c0-37ca-9b52-03ab0f4a1e16','tes789','wdwdw',1,0,NULL,'2021-08-26 20:35:21','2021-08-26 20:35:21',NULL),('183925eb-68ec-38e1-a14a-8acf2007f72a','tes937','wdwdw',1,1,NULL,'2021-08-26 20:35:24','2021-08-26 20:35:24',NULL),('18bbe37d-a798-33f4-924e-fd8278ba4f0b','tes37','wdwdw',1,1,NULL,'2021-08-26 20:35:10','2021-08-26 20:35:10',NULL),('1938dafc-7db4-32f2-956c-e72e46f906d0','tes334','wdwdw',2,0,NULL,'2021-08-26 20:35:14','2021-08-26 20:35:14',NULL),('1939614d-0ab2-3c61-ad3f-32e1394dc94d','tes380','wdwdw',1,0,NULL,'2021-08-26 20:35:15','2021-08-26 20:35:15',NULL),('19bf4dc1-9262-3cbd-b349-c03a7eb15d57','tes290','wdwdw',1,0,NULL,'2021-08-26 20:35:14','2021-08-26 20:35:14',NULL),('1ae261a2-afaa-325c-ae85-1fd667fb4dff','tes213','wdwdw',1,0,NULL,'2021-08-26 20:35:12','2021-08-26 20:35:12',NULL),('1b435ac8-d6d9-3c21-860e-0a85467b84f1','tes492','wdwdw',2,0,NULL,'2021-08-26 20:35:17','2021-08-26 20:35:17',NULL),('1b765620-6dc3-3253-b703-3446324284dc','tes400','wdwdw',2,0,NULL,'2021-08-26 20:35:15','2021-08-26 20:35:15',NULL),('1b87a4d3-7ab7-3770-9eaa-9bab25a3b565','tes13','wdwdw',1,0,NULL,'2021-08-26 20:35:09','2021-08-26 20:35:09',NULL),('1c69ec66-d4e1-304d-bf2d-d63ce63339f1','tes704','wdwdw',2,1,NULL,'2021-08-26 20:35:20','2021-08-26 20:35:20',NULL),('1c8f526f-8e36-32a2-af2a-3f4a13197af8','tes524','wdwdw',2,1,NULL,'2021-08-26 20:35:17','2021-08-26 20:35:17',NULL),('1cf42b16-793a-377d-b785-2e743fadd9b3','tes601','wdwdw',1,1,NULL,'2021-08-26 20:35:18','2021-08-26 20:35:18',NULL),('1d455386-8e84-3a4c-83bc-880e140465c0','tes986','wdwdw',2,0,NULL,'2021-08-26 20:35:24','2021-08-26 20:35:24',NULL),('1dcc2bb2-dba2-3f56-9be9-410adf43d42c','tes312','wdwdw',1,0,NULL,'2021-08-26 20:35:14','2021-08-26 20:35:14',NULL),('1dd68337-0a08-3a6c-b53e-253e7d1d71e2','tes556','wdwdw',1,1,NULL,'2021-08-26 20:35:18','2021-08-26 20:35:18',NULL),('1ddf4886-9f70-3a93-8402-c410aa6c8951','tes855','wdwdw',2,1,NULL,'2021-08-26 20:35:22','2021-08-26 20:35:22',NULL),('1e225092-2e91-332f-a94c-d4352afa0c9c','tes869','wdwdw',2,0,NULL,'2021-08-26 20:35:23','2021-08-26 20:35:23',NULL),('1eaebc3d-75c7-3f32-b78f-b4049f4a870d','tes753','wdwdw',2,0,NULL,'2021-08-26 20:35:21','2021-08-26 20:35:21',NULL),('1ebbb8b2-25b4-3f33-b9cd-2e7cb6293ba1','tes387','wdwdw',2,0,NULL,'2021-08-26 20:35:15','2021-08-26 20:35:15',NULL),('1ed78a40-c071-39f8-9baf-17c7afc5d672','tes690','wdwdw',2,0,NULL,'2021-08-26 20:35:20','2021-08-26 20:35:20',NULL),('1efbff11-f306-36ca-9a0b-92666c3a4182','tes565','wdwdw',2,0,NULL,'2021-08-26 20:35:18','2021-08-26 20:35:18',NULL),('1f3f8ae4-f0e9-34a6-9084-17cb38ecab6f','tes161','wdwdw',1,1,NULL,'2021-08-26 20:35:12','2021-08-26 20:35:12',NULL),('1f439ef0-de87-34e7-b4ae-296b6ec5fb1d','tes127','wdwdw',2,1,NULL,'2021-08-26 20:35:11','2021-08-26 20:35:11',NULL),('1f5f6034-3f83-3ba6-8639-5d2f4c29eaee','tes201','wdwdw',1,1,NULL,'2021-08-26 20:35:12','2021-08-26 20:35:12',NULL),('1f9bf6df-deaf-3dbc-a4b7-397b3e9e0d51','tes919','wdwdw',1,0,NULL,'2021-08-26 20:35:23','2021-08-26 20:35:23',NULL),('1fecdb05-71a1-3964-b398-b4d500c77afc','tes441','wdwdw',1,0,NULL,'2021-08-26 20:35:16','2021-08-26 20:35:16',NULL),('202fa644-7558-3b98-b1cb-e2d2b6aad35c','tes72','wdwdw',1,1,NULL,'2021-08-26 20:35:10','2021-08-26 20:35:10',NULL),('2049878d-055a-3939-a938-78167ea84d02','tes84','wdwdw',1,0,NULL,'2021-08-26 20:35:10','2021-08-26 20:35:10',NULL),('20655b54-d2bb-3288-b597-3e866a87bc80','tes613','wdwdw',1,1,NULL,'2021-08-26 20:35:19','2021-08-26 20:35:19',NULL),('20d44575-f0d7-32f1-adca-6e98b7b871c7','tes599','wdwdw',1,0,NULL,'2021-08-26 20:35:18','2021-08-26 20:35:18',NULL),('20fff1c5-fe88-3f62-a777-214005860b2e','tes571','wdwdw',1,1,NULL,'2021-08-26 20:35:18','2021-08-26 20:35:18',NULL),('21182745-81f4-3239-b161-11c9116d1bcb','tes738','wdwdw',2,0,NULL,'2021-08-26 20:35:21','2021-08-26 20:35:21',NULL),('213bb3cc-8204-38e1-ad07-342f73f7dbad','tes21','wdwdw',1,1,NULL,'2021-08-26 20:35:09','2021-08-26 20:35:09',NULL),('21649015-7d02-33a0-a237-0b4f26266357','tes358','wdwdw',2,0,NULL,'2021-08-26 20:35:15','2021-08-26 20:35:15',NULL),('21a73929-0ce3-31e5-858f-4a3b54658ddc','tes341','wdwdw',1,0,NULL,'2021-08-26 20:35:14','2021-08-26 20:35:14',NULL),('21c92343-0b67-3de3-9c78-b6ae8c471de0','tes907','wdwdw',1,1,NULL,'2021-08-26 20:35:23','2021-08-26 20:35:23',NULL),('21cf5643-6448-3fdf-9a64-4ad6076b23c8','tes160','wdwdw',1,0,NULL,'2021-08-26 20:35:12','2021-08-26 20:35:12',NULL),('2225d4f3-aa13-3861-a0f8-5858943cb82d','tes498','wdwdw',2,0,NULL,'2021-08-26 20:35:17','2021-08-26 20:35:17',NULL),('229e070b-51cd-34c0-8d36-c99e8c341f0b','tes264','wdwdw',1,0,NULL,'2021-08-26 20:35:13','2021-08-26 20:35:13',NULL),('22a5fefd-564e-3b86-874b-fdabd947a2b1','tes842','wdwdw',1,0,NULL,'2021-08-26 20:35:22','2021-08-26 20:35:22',NULL),('22ab6764-b2d3-37d9-b0da-bd3184670aeb','tes451','wdwdw',2,1,NULL,'2021-08-26 20:35:16','2021-08-26 20:35:16',NULL),('22fdaa02-3fb9-3aad-a474-47f50cedf8be','tes970','wdwdw',2,0,NULL,'2021-08-26 20:35:24','2021-08-26 20:35:24',NULL),('22fe293b-5514-38f5-8fc9-07e09b2990fb','tes150','wdwdw',2,1,NULL,'2021-08-26 20:35:12','2021-08-26 20:35:12',NULL),('23e5c137-fdba-312f-a967-5307dc2dab78','tes586','wdwdw',1,0,NULL,'2021-08-26 20:35:18','2021-08-26 20:35:18',NULL),('2420b52a-81cb-38d8-b5b4-be73b0624d53','tes706','wdwdw',1,0,NULL,'2021-08-26 20:35:20','2021-08-26 20:35:20',NULL),('246cdbd6-9cd0-36d1-8ed3-bfcced71fd38','tes762','wdwdw',2,1,NULL,'2021-08-26 20:35:21','2021-08-26 20:35:21',NULL),('247d0130-be06-32ef-baf7-4ab94e09fcc5','tes824','wdwdw',1,0,NULL,'2021-08-26 20:35:22','2021-08-26 20:35:22',NULL),('24dd72fb-1a13-3e88-84f2-ed58610b2494','tes471','wdwdw',2,1,NULL,'2021-08-26 20:35:16','2021-08-26 20:35:16',NULL),('25d30560-2b91-37e6-8eaf-b314ff6fd837','tes755','wdwdw',2,0,NULL,'2021-08-26 20:35:21','2021-08-26 20:35:21',NULL),('260bdbb2-106a-35f0-9b7a-505af74104dd','tes800','wdwdw',1,0,NULL,'2021-08-26 20:35:22','2021-08-26 20:35:22',NULL),('2685da4e-913f-3c3f-a2a6-71df0214f854','tes862','wdwdw',1,0,NULL,'2021-08-26 20:35:23','2021-08-26 20:35:23',NULL),('276f59ff-7f14-3ab6-900e-cd4ebdb3d0b9','tes950','wdwdw',1,0,NULL,'2021-08-26 20:35:24','2021-08-26 20:35:24',NULL),('27c8e83b-2935-38d6-ae5f-e36b047a0184','tes74','wdwdw',2,1,NULL,'2021-08-26 20:35:10','2021-08-26 20:35:10',NULL),('27fab822-c783-33d9-a110-460a2556d9b9','tes302','wdwdw',1,0,NULL,'2021-08-26 20:35:14','2021-08-26 20:35:14',NULL),('27fd6573-f8f1-3426-a7a7-42b082e20d5e','tes328','wdwdw',2,1,NULL,'2021-08-26 20:35:14','2021-08-26 20:35:14',NULL),('2872175b-33a4-3e22-b142-cee54fc4b0a9','tes539','wdwdw',1,0,NULL,'2021-08-26 20:35:18','2021-08-26 20:35:18',NULL),('287bb797-2306-348e-9bd4-1696e8c45edb','tes457','wdwdw',2,0,NULL,'2021-08-26 20:35:16','2021-08-26 20:35:16',NULL),('288ce5bc-d57c-3540-b8eb-045f2ab19c9f','tes53','wdwdw',1,0,NULL,'2021-08-26 20:35:10','2021-08-26 20:35:10',NULL),('28934e74-8791-349c-b614-b15b5d515f09','tes742','wdwdw',1,0,NULL,'2021-08-26 20:35:21','2021-08-26 20:35:21',NULL),('28c12cae-c771-391e-9b61-727922fde9df','tes293','wdwdw',1,0,NULL,'2021-08-26 20:35:14','2021-08-26 20:35:14',NULL),('2980afdc-f2cb-3b94-af74-8172330cfd6b','tes153','wdwdw',1,0,NULL,'2021-08-26 20:35:12','2021-08-26 20:35:12',NULL),('2a3fb3e7-8048-355e-980a-8ce62a3737e6','tes724','wdwdw',1,1,NULL,'2021-08-26 20:35:20','2021-08-26 20:35:20',NULL),('2a85453a-0ad6-324e-9129-91ca60fd8f79','tes295','wdwdw',1,1,NULL,'2021-08-26 20:35:14','2021-08-26 20:35:14',NULL),('2a911b49-cf48-3fef-a66b-e008a189945c','tes377','wdwdw',1,1,NULL,'2021-08-26 20:35:15','2021-08-26 20:35:15',NULL),('2a92ef07-8637-3b7b-a5d2-8718f763f36b','tes162','wdwdw',1,1,NULL,'2021-08-26 20:35:12','2021-08-26 20:35:12',NULL),('2abe5edc-ac7c-3ea9-b189-f74a2801fa3d','tes432','wdwdw',1,1,NULL,'2021-08-26 20:35:16','2021-08-26 20:35:16',NULL),('2ac2ac3d-a3e1-3a10-9e2d-ede6e0971a2a','tes411','wdwdw',2,1,NULL,'2021-08-26 20:35:15','2021-08-26 20:35:15',NULL),('2ae13867-f818-3a0b-bdd3-c86385da4450','tes843','wdwdw',2,1,NULL,'2021-08-26 20:35:22','2021-08-26 20:35:22',NULL),('2ae701cd-9db1-3891-b655-40917acc0055','tes78','wdwdw',2,0,NULL,'2021-08-26 20:35:10','2021-08-26 20:35:10',NULL),('2afa435a-3370-37ee-a773-d21ffa780f26','tes405','wdwdw',1,0,NULL,'2021-08-26 20:35:15','2021-08-26 20:35:15',NULL),('2afdd2c3-d5fd-3a5a-8fac-a38620101c25','tes30','wdwdw',2,1,NULL,'2021-08-26 20:35:10','2021-08-26 20:35:10',NULL),('2cb97292-5efd-3e37-a634-5b4b31064cc3','tes443','wdwdw',1,1,NULL,'2021-08-26 20:35:16','2021-08-26 20:35:16',NULL),('2cc05084-2f83-36f3-beef-107cc38f20d6','tes275','wdwdw',1,0,NULL,'2021-08-26 20:35:13','2021-08-26 20:35:13',NULL),('2cefade6-02a4-3b16-a4a8-a2bbbfe814d2','tes699','wdwdw',1,0,NULL,'2021-08-26 20:35:20','2021-08-26 20:35:20',NULL),('2cf54845-c633-31ea-a1c1-189c839c05bd','tes992','wdwdw',2,1,NULL,'2021-08-26 20:35:25','2021-08-26 20:35:25',NULL),('2d45bb24-0142-336f-bdb7-30b70b6653f0','tes731','wdwdw',2,1,NULL,'2021-08-26 20:35:21','2021-08-26 20:35:21',NULL),('2d4a958d-bf26-30f4-ac60-9d16b509bf58','tes417','wdwdw',2,1,NULL,'2021-08-26 20:35:16','2021-08-26 20:35:16',NULL),('2d546039-1bf6-3e93-afc2-a3d80c7a79e6','tes212','wdwdw',1,0,NULL,'2021-08-26 20:35:12','2021-08-26 20:35:12',NULL),('2e30b081-eb13-34dd-896a-d94fed230a4d','tes707','wdwdw',1,0,NULL,'2021-08-26 20:35:20','2021-08-26 20:35:20',NULL),('2e4e12fb-7ea1-3fed-a1e8-7a2144a92e39','tes446','wdwdw',1,0,NULL,'2021-08-26 20:35:16','2021-08-26 20:35:16',NULL),('2e8520b1-6802-3fcc-bac6-457feb488a71','tes200','wdwdw',2,1,NULL,'2021-08-26 20:35:12','2021-08-26 20:35:12',NULL),('2eb0fa8f-4381-3e56-bb8a-d0056d6f74fc','tes823','wdwdw',2,0,NULL,'2021-08-26 20:35:22','2021-08-26 20:35:22',NULL),('2f4d690b-2fec-3cfa-8fae-5809ddd6ace0','tes979','wdwdw',2,1,NULL,'2021-08-26 20:35:24','2021-08-26 20:35:24',NULL),('2ff59a2a-ff40-315a-bf88-656f43b8fc35','tes423','wdwdw',2,0,NULL,'2021-08-26 20:35:16','2021-08-26 20:35:16',NULL),('30319e6d-476f-38d1-817f-d90c78d65e73','tes674','wdwdw',1,0,NULL,'2021-08-26 20:35:20','2021-08-26 20:35:20',NULL),('3056e740-8e5b-3b4a-8f7d-5c7e5c667f52','tes48','wdwdw',2,1,NULL,'2021-08-26 20:35:10','2021-08-26 20:35:10',NULL),('305c8899-554d-38d9-a190-2d5bb6ca129b','tes928','wdwdw',2,1,NULL,'2021-08-26 20:35:24','2021-08-26 20:35:24',NULL),('310b5bb7-e3fd-389a-8015-321898bb6c9a','tes763','wdwdw',1,1,NULL,'2021-08-26 20:35:21','2021-08-26 20:35:21',NULL),('311d5ab7-6458-3218-8b4f-95de1824ecc2','tes631','wdwdw',1,0,NULL,'2021-08-26 20:35:19','2021-08-26 20:35:19',NULL),('31428d50-5250-416d-9181-074c434123d9','wdw','wqddwqd',2,1,'2021-09-14','2021-09-11 18:15:45','2021-09-11 18:15:45',NULL),('31a034d3-7348-3083-9070-2135dde87cfe','tes921','wdwdw',2,0,NULL,'2021-08-26 20:35:23','2021-08-26 20:35:23',NULL),('31b4fe9d-84c8-3280-a9ad-d83f96600e49','tes475','wdwdw',2,1,NULL,'2021-08-26 20:35:16','2021-08-26 20:35:16',NULL),('32279a14-450d-3bf6-945d-a04799d071eb','tes193','wdwdw',2,1,NULL,'2021-08-26 20:35:12','2021-08-26 20:35:12',NULL),('32535430-8fb5-376a-bb96-ce1778f2db8b','tes764','wdwdw',2,0,NULL,'2021-08-26 20:35:21','2021-08-26 20:35:21',NULL),('32e7742a-0e9a-3f82-affe-f95516be6a71','tes557','wdwdw',1,0,NULL,'2021-08-26 20:35:18','2021-08-26 20:35:18',NULL),('3499002c-3867-368e-b982-d5342277f9ff','tes29','wdwdw',2,0,NULL,'2021-08-26 20:35:10','2021-08-26 20:35:10',NULL),('34ba0564-539d-3a86-811a-c77735151388','tes500','wdwdw',1,0,NULL,'2021-08-26 20:35:17','2021-08-26 20:35:17',NULL),('34e072b4-574c-3162-aa29-3ad27de7e7d9','tes86','wdwdw',1,1,NULL,'2021-08-26 20:35:11','2021-08-26 20:35:11',NULL),('3512aa1a-353e-3a33-9848-76f5c4b04e66','tes188','wdwdw',1,1,NULL,'2021-08-26 20:35:12','2021-08-26 20:35:12',NULL),('354a5923-a644-36d5-97a0-2a0201d5d6f2','tes38','wdwdw',2,0,NULL,'2021-08-26 20:35:10','2021-08-26 20:35:10',NULL),('356602e2-f312-3b70-a794-54988d1fad0d','tes474','wdwdw',2,0,NULL,'2021-08-26 20:35:16','2021-08-26 20:35:16',NULL),('356790e6-6830-37ee-89f1-d7d7a61d8a1f','tes249','wdwdw',2,1,NULL,'2021-08-26 20:35:13','2021-08-26 20:35:13',NULL),('358b17d5-8e2f-38eb-9fe1-25c10dd8be22','tes345','wdwdw',2,0,NULL,'2021-08-26 20:35:14','2021-08-26 20:35:14',NULL),('3597bf09-da5b-384c-ba3b-b31e2e6b43f3','tes368','wdwdw',2,0,NULL,'2021-08-26 20:35:15','2021-08-26 20:35:15',NULL),('35a5c5a8-219a-3679-8c83-452eefa8ce6d','tes566','wdwdw',1,0,NULL,'2021-08-26 20:35:18','2021-08-26 20:35:18',NULL),('35cd401a-91b5-3c21-a55e-bd0fb4fcb11f','tes901','wdwdw',2,1,NULL,'2021-08-26 20:35:23','2021-08-26 20:35:23',NULL),('36658230-b66d-3745-b44e-593070fd68f4','tes222','wdwdw',2,0,NULL,'2021-08-26 20:35:13','2021-08-26 20:35:13',NULL),('36a6e689-f56f-3e36-880b-edd622867637','tes397','wdwdw',2,1,NULL,'2021-08-26 20:35:15','2021-08-26 20:35:15',NULL),('36c682b9-b2e3-38f5-9de4-61a6a99294b7','tes436','wdwdw',1,0,NULL,'2021-08-26 20:35:16','2021-08-26 20:35:16',NULL),('3706bcb1-5c66-3ccc-b2a5-1dabf8f7afab','tes317','wdwdw',2,0,NULL,'2021-08-26 20:35:14','2021-08-26 20:35:14',NULL),('3802069f-5aba-30c6-8d93-850fc134d59c','tes425','wdwdw',1,1,NULL,'2021-08-26 20:35:16','2021-08-26 20:35:16',NULL),('3896d6a5-9da2-3d94-b7b3-f04ba0c04ebf','tes765','wdwdw',1,1,NULL,'2021-08-26 20:35:21','2021-08-26 20:35:21',NULL),('38a094db-788d-3543-a361-007ed27dcf9c','tes299','wdwdw',1,0,NULL,'2021-08-26 20:35:14','2021-08-26 20:35:14',NULL),('38d30df1-daf2-35ca-9fb8-c2b6af5168d6','tes594','wdwdw',1,1,NULL,'2021-08-26 20:35:18','2021-08-26 20:35:18',NULL),('3930d7c5-1a3e-3d9d-b4a9-dc2cdb131f50','tes219','wdwdw',1,0,NULL,'2021-08-26 20:35:13','2021-08-26 20:35:13',NULL),('395f2b3b-275a-3817-88b1-b9377d095d38','tes433','wdwdw',2,1,NULL,'2021-08-26 20:35:16','2021-08-26 20:35:16',NULL),('3969e378-baf9-3e5d-965d-dd0487a36abb','tes88','wdwdw',2,0,NULL,'2021-08-26 20:35:11','2021-08-26 20:35:11',NULL),('399cb730-2fca-3a05-9a14-c55b1bb9a7cc','tes538','wdwdw',1,1,NULL,'2021-08-26 20:35:18','2021-08-26 20:35:18',NULL),('39ba38cd-6ef5-3425-b3ad-35315dfeab76','tes838','wdwdw',1,1,NULL,'2021-08-26 20:35:22','2021-08-26 20:35:22',NULL),('39ffc9d9-7b05-3194-af55-daac6daa85d9','tes182','wdwdw',1,0,NULL,'2021-08-26 20:35:12','2021-08-26 20:35:12',NULL),('3a5f523b-2d11-39bf-b5dc-33be60e357b9','tes366','wdwdw',2,1,NULL,'2021-08-26 20:35:15','2021-08-26 20:35:15',NULL),('3a8d7652-496c-3793-a619-7a032ce50b19','tes352','wdwdw',1,1,NULL,'2021-08-26 20:35:15','2021-08-26 20:35:15',NULL),('3b7b8e72-f53e-37c9-b6b5-c9ac8ba04a44','tes255','wdwdw',2,0,NULL,'2021-08-26 20:35:13','2021-08-26 20:35:13',NULL),('3c1ec75d-c727-3bca-8862-20c9d5f593c3','tes688','wdwdw',1,0,NULL,'2021-08-26 20:35:20','2021-08-26 20:35:20',NULL),('3c3b8423-c017-36c1-a60f-ff9dba864120','tes923','wdwdw',1,0,NULL,'2021-08-26 20:35:23','2021-08-26 20:35:23',NULL),('3d2db873-6fc0-33e2-a17b-7e935ce6e5c8','tes195','wdwdw',1,0,NULL,'2021-08-26 20:35:12','2021-08-26 20:35:12',NULL),('3dcac2b9-4d92-3f17-bdb2-9f9ed9ef463c','tes464','wdwdw',2,1,NULL,'2021-08-26 20:35:16','2021-08-26 20:35:16',NULL),('3ddd9a6c-9d69-39f7-9900-778a65e4f4a6','tes170','wdwdw',2,1,NULL,'2021-08-26 20:35:12','2021-08-26 20:35:12',NULL),('3e0dda0b-c8e7-317e-935a-8bf1a3b46362','tes90','wdwdw',1,1,NULL,'2021-08-26 20:35:11','2021-08-26 20:35:11',NULL),('3e1a5c47-998d-37cf-8294-b03df7fce665','tes858','wdwdw',2,0,NULL,'2021-08-26 20:35:22','2021-08-26 20:35:22',NULL),('3e334884-b816-3bfb-b33c-5261714836aa','tes77','wdwdw',2,0,NULL,'2021-08-26 20:35:10','2021-08-26 20:35:10',NULL),('3e37e930-362f-3c1a-ad55-b56c3098a380','tes496','wdwdw',1,1,NULL,'2021-08-26 20:35:17','2021-08-26 20:35:17',NULL),('3e9485ce-1d03-3561-9ce2-bc53a87ed42a','tes564','wdwdw',1,0,NULL,'2021-08-26 20:35:18','2021-08-26 20:35:18',NULL),('3eb02dd0-b553-3d08-bf16-4cdf8d295431','tes839','wdwdw',2,1,NULL,'2021-08-26 20:35:22','2021-08-26 20:35:22',NULL),('3f29e347-7a07-4a06-9b4f-7929d2952759','qwdqw','asdasd',1,1,'2021-08-20','2021-08-31 19:34:33','2021-08-31 19:57:05',NULL),('3fc363d2-fb29-39fb-a953-da6efc71df81','tes342','wdwdw',1,1,NULL,'2021-08-26 20:35:14','2021-08-26 20:35:14',NULL),('40964e9e-6456-3368-b74c-8c9985ee07a3','tes770','wdwdw',1,0,NULL,'2021-08-26 20:35:21','2021-08-26 20:35:21',NULL),('40b03d53-3757-3aec-b667-a99dbad0fe7c','tes854','wdwdw',2,1,NULL,'2021-08-26 20:35:22','2021-08-26 20:35:22',NULL),('41173cb3-a0d7-31a9-947e-a86df9b6f353','tes768','wdwdw',1,0,NULL,'2021-08-26 20:35:21','2021-08-26 20:35:21',NULL),('4118a971-e078-319a-81c7-d2846e200cc1','tes360','wdwdw',1,1,NULL,'2021-08-26 20:35:15','2021-08-26 20:35:15',NULL),('411bc86f-8c29-31d3-a7d1-3a35cb466b67','tes576','wdwdw',1,0,NULL,'2021-08-26 20:35:18','2021-08-26 20:35:18',NULL),('411cf181-3812-3c2a-b5f9-27f85c022304','tes41','wdwdw',1,1,NULL,'2021-08-26 20:35:10','2021-08-26 20:35:10',NULL),('4126a541-b60d-3498-94f1-300129153470','tes406','wdwdw',1,0,NULL,'2021-08-26 20:35:15','2021-08-26 20:35:15',NULL),('41560a9d-a861-3762-a804-49cc83ea320b','tes518','wdwdw',1,1,NULL,'2021-08-26 20:35:17','2021-08-26 20:35:17',NULL),('41590c85-beaf-3fa5-b4ac-6ff74817e535','tes972','wdwdw',2,1,NULL,'2021-08-26 20:35:24','2021-08-26 20:35:24',NULL),('41724a04-8bd7-3668-adf0-de45d3daa18d','tes166','wdwdw',2,0,NULL,'2021-08-26 20:35:12','2021-08-26 20:35:12',NULL),('417fecee-261e-3dc3-b6f7-548ed8147be3','tes248','wdwdw',1,0,NULL,'2021-08-26 20:35:13','2021-08-26 20:35:13',NULL),('4186e02d-daa9-3693-9e9a-bbc6268f9440','tes173','wdwdw',2,0,NULL,'2021-08-26 20:35:12','2021-08-26 20:35:12',NULL),('419ec226-5885-3076-b462-4c7bb27db672','tes65','wdwdw',2,0,NULL,'2021-08-26 20:35:10','2021-08-26 20:35:10',NULL),('423187f5-1f27-310e-ac1e-b9c980b5da62','tes261','wdwdw',2,1,NULL,'2021-08-26 20:35:13','2021-08-26 20:35:13',NULL),('425d0749-75cd-33fb-9708-80e0962322a1','tes20','wdwdw',1,0,NULL,'2021-08-26 20:35:09','2021-08-26 20:35:09',NULL),('429368a4-5bb2-32b6-ad45-b936e5079eb9','tes779','wdwdw',1,0,NULL,'2021-08-26 20:35:21','2021-08-26 20:35:21',NULL),('42945a61-dc76-37fa-8cc7-dd9ec516f233','tes167','wdwdw',1,1,NULL,'2021-08-26 20:35:12','2021-08-26 20:35:12',NULL),('42e07391-e898-3fa1-9645-902bd5306e33','tes223','wdwdw',2,1,NULL,'2021-08-26 20:35:13','2021-08-26 20:35:13',NULL),('42e2053e-3723-389f-b28a-31a978c1f0ea','tes156','wdwdw',1,0,NULL,'2021-08-26 20:35:12','2021-08-26 20:35:12',NULL),('430dea55-0c9d-3d2b-87fd-b5791ca9623d','tes521','wdwdw',2,1,NULL,'2021-08-26 20:35:17','2021-08-26 20:35:17',NULL),('4310b759-bc4e-3e86-a559-b2c18857a02c','tes810','wdwdw',1,0,NULL,'2021-08-26 20:35:22','2021-08-26 20:35:22',NULL),('431d90da-0549-3167-aabe-30e4c04fe235','tes26','wdwdw',2,0,NULL,'2021-08-26 20:35:10','2021-08-26 20:35:10',NULL),('433cb195-6d30-3b68-8470-d1de77fedc63','tes541','wdwdw',1,1,NULL,'2021-08-26 20:35:18','2021-08-26 20:35:18',NULL),('433ec186-0d24-3557-8574-e4ce6ddf42c7','tes97','wdwdw',1,1,NULL,'2021-08-26 20:35:11','2021-08-26 20:35:11',NULL),('438f35c3-9c1c-36d7-b9f9-f52897a0250a','tes573','wdwdw',2,1,NULL,'2021-08-26 20:35:18','2021-08-26 20:35:18',NULL),('440cbbe9-2a9e-388d-9f53-40f70adc32d5','tes757','wdwdw',2,1,NULL,'2021-08-26 20:35:21','2021-08-26 20:35:21',NULL),('442ce5b4-f07d-3ad2-a08c-beb82842bd9a','tes588','wdwdw',1,1,NULL,'2021-08-26 20:35:18','2021-08-26 20:35:18',NULL),('44d71296-9aaf-3fbc-85c6-70e5423856b5','tes24','wdwdw',2,1,NULL,'2021-08-26 20:35:10','2021-08-26 20:35:10',NULL),('44f107e8-97e0-30cf-bc7f-35fe16df9fc3','tes713','wdwdw',2,0,NULL,'2021-08-26 20:35:20','2021-08-26 20:35:20',NULL),('452aa291-f4a3-3c05-bb30-57602e2084cb','tes799','wdwdw',2,0,NULL,'2021-08-26 20:35:22','2021-08-26 20:35:22',NULL),('452ac5a6-46ac-3a22-872f-bc8973bdd954','tes435','wdwdw',2,0,NULL,'2021-08-26 20:35:16','2021-08-26 20:35:16',NULL),('45740dbf-258c-3c90-8d9a-4cb87e98388f','tes329','wdwdw',2,0,NULL,'2021-08-26 20:35:14','2021-08-26 20:35:14',NULL),('45851d58-4b5a-3724-82f9-97acbf7ed69b','tes899','wdwdw',1,1,NULL,'2021-08-26 20:35:23','2021-08-26 20:35:23',NULL),('45fcd74c-8944-34aa-a739-971bf57ec62e','tes66','wdwdw',2,0,NULL,'2021-08-26 20:35:10','2021-08-26 20:35:10',NULL),('460a1e14-f980-3464-9e30-6350050594d0','tes604','wdwdw',2,0,NULL,'2021-08-26 20:35:19','2021-08-26 20:35:19',NULL),('46286987-54e7-31eb-bf6f-8f97b58f31a0','tes692','wdwdw',1,1,NULL,'2021-08-26 20:35:20','2021-08-26 20:35:20',NULL),('465c8eb0-100b-3b7c-b953-b08721b71e2f','tes807','wdwdw',1,0,NULL,'2021-08-26 20:35:22','2021-08-26 20:35:22',NULL),('46aa17ef-1d84-3fe5-888b-664842c382a7','tes148','wdwdw',2,0,NULL,'2021-08-26 20:35:11','2021-08-26 20:35:11',NULL),('4740785c-e2cf-38e1-b8ed-a7e65bf24dee','tes702','wdwdw',1,1,NULL,'2021-08-26 20:35:20','2021-08-26 20:35:20',NULL),('4755fea3-f1d2-3b8f-a1b7-b8803aee957f','tes629','wdwdw',1,1,NULL,'2021-08-26 20:35:19','2021-08-26 20:35:19',NULL),('4780711c-739e-3573-bcbf-c46043deafd7','tes798','wdwdw',2,1,NULL,'2021-08-26 20:35:22','2021-08-26 20:35:22',NULL),('47bad42a-7445-37f7-bf18-07d8d5b1ec2f','tes984','wdwdw',2,0,NULL,'2021-08-26 20:35:24','2021-08-26 20:35:24',NULL),('47f028e8-1ee0-31c9-98ea-d859004adf0b','tes186','wdwdw',2,1,NULL,'2021-08-26 20:35:12','2021-08-26 20:35:12',NULL),('480cbf60-2294-3578-8d34-76e98b21b8cb','tes809','wdwdw',2,0,NULL,'2021-08-26 20:35:22','2021-08-26 20:35:22',NULL),('487b91f6-907d-3738-8b7f-296f77e3056f','tes971','wdwdw',1,0,NULL,'2021-08-26 20:35:24','2021-08-26 20:35:24',NULL),('48969703-469f-3c1b-9633-3bcbd604c4dc','tes501','wdwdw',1,0,NULL,'2021-08-26 20:35:17','2021-08-26 20:35:17',NULL),('48d6f555-f22c-3c18-a4cc-93f1f42b8f2b','tes151','wdwdw',1,1,NULL,'2021-08-26 20:35:12','2021-08-26 20:35:12',NULL),('49794b13-c56e-3c07-9fc6-808600e8672a','tes294','wdwdw',1,0,NULL,'2021-08-26 20:35:14','2021-08-26 20:35:14',NULL),('49cb2b62-9321-34be-aec9-2b6bc42e5554','tes961','wdwdw',2,1,NULL,'2021-08-26 20:35:24','2021-08-26 20:35:24',NULL),('49d2a263-ebd1-37bb-a541-b6d4ebf2599e','tes552','wdwdw',1,0,NULL,'2021-08-26 20:35:18','2021-08-26 20:35:18',NULL),('49e3599c-1596-371d-94ea-00677e4a04ff','tes216','wdwdw',2,1,NULL,'2021-08-26 20:35:13','2021-08-26 20:35:13',NULL),('49e65ca0-83b0-3929-a9c4-0095ed2ba0be','tes100','wdwdw',1,0,NULL,'2021-08-26 20:35:11','2021-08-26 20:35:11',NULL),('4b0abdb7-d942-3bdb-98f5-4b9577b18b66','tes788','wdwdw',2,1,NULL,'2021-08-26 20:35:21','2021-08-26 20:35:21',NULL),('4b126c01-468d-3057-8248-c35096c93df1','tes734','wdwdw',1,0,NULL,'2021-08-26 20:35:21','2021-08-26 20:35:21',NULL),('4b84c43a-f652-3d8c-9fae-f820901895e1','tes258','wdwdw',1,1,NULL,'2021-08-26 20:35:13','2021-08-26 20:35:13',NULL),('4bc58dc8-336a-37d4-a667-ba2617c8efdb','tes448','wdwdw',1,0,NULL,'2021-08-26 20:35:16','2021-08-26 20:35:16',NULL),('4bda35db-9f1d-3b8c-8065-a4c77acae332','tes822','wdwdw',1,1,NULL,'2021-08-26 20:35:22','2021-08-26 20:35:22',NULL),('4befc425-721a-3846-b093-642c674c0d0e','tes910','wdwdw',1,0,NULL,'2021-08-26 20:35:23','2021-08-26 20:35:23',NULL),('4c0417b8-57fd-398d-8c20-afeca400e3d7','tes591','wdwdw',2,0,NULL,'2021-08-26 20:35:18','2021-08-26 20:35:18',NULL),('4c0b8c05-0202-3a6c-99a7-5c5ab099c87e','tes113','wdwdw',1,0,NULL,'2021-08-26 20:35:11','2021-08-26 20:35:11',NULL),('4c2dd7d3-dda2-44ea-a7f4-8c01650f1c50','wef','wef',2,1,'2021-10-30','2021-08-31 20:12:11','2021-08-31 20:15:24',NULL),('4c8892da-fa09-3db7-a671-5384ffbbb7d6','tes421','wdwdw',1,1,NULL,'2021-08-26 20:35:16','2021-08-26 20:35:16',NULL),('4cfdbc9e-84a5-3a24-a211-907405e3d512','tes593','wdwdw',2,0,NULL,'2021-08-26 20:35:18','2021-08-26 20:35:18',NULL),('4d14a19a-cf34-38ad-8a70-f43ccfa989d0','tes89','wdwdw',2,0,NULL,'2021-08-26 20:35:11','2021-08-26 20:35:11',NULL),('4d8ae7f6-375b-3b46-b408-ef752ead5138','tes777','wdwdw',1,0,NULL,'2021-08-26 20:35:21','2021-08-26 20:35:21',NULL),('4dd6ea9d-3fbf-35f8-b6e4-2eb0e60bc995','tes71','wdwdw',2,0,NULL,'2021-08-26 20:35:10','2021-08-26 20:35:10',NULL),('4e559e24-3fbd-3b7c-846f-da718d389691','tes537','wdwdw',1,0,NULL,'2021-08-26 20:35:17','2021-08-26 20:35:17',NULL),('4e592995-934d-3bf8-891d-aeed43548b7b','tes129','wdwdw',1,0,NULL,'2021-08-26 20:35:11','2021-08-26 20:35:11',NULL),('4e7a4497-c481-35e1-aa27-fd30ab79b115','tes555','wdwdw',2,0,NULL,'2021-08-26 20:35:18','2021-08-26 20:35:18',NULL),('4e971b3c-bede-36ad-8cb4-153b78dffcd0','tes267','wdwdw',1,1,NULL,'2021-08-26 20:35:13','2021-08-26 20:35:13',NULL),('4edefd7f-d738-361b-93e2-65b41acffd50','tes159','wdwdw',1,0,NULL,'2021-08-26 20:35:12','2021-08-26 20:35:12',NULL),('4f021b9e-ab63-3ccf-abc3-1ecd2cc32d72','tes940','wdwdw',1,1,NULL,'2021-08-26 20:35:24','2021-08-26 20:35:24',NULL),('4f125d98-e179-3918-8bce-0cc8ffd0d297','tes952','wdwdw',1,0,NULL,'2021-08-26 20:35:24','2021-08-26 20:35:24',NULL),('4f12d502-4c98-3268-85f2-830f44d0d56f','tes767','wdwdw',2,1,NULL,'2021-08-26 20:35:21','2021-08-26 20:35:21',NULL),('4f5e2ed7-cc5a-3fbb-90eb-353d5d3ebc26','tes118','wdwdw',2,0,NULL,'2021-08-26 20:35:11','2021-08-26 20:35:11',NULL),('4f6a9d5e-4f04-36c0-bab6-cf7952a3f116','tes832','wdwdw',2,0,NULL,'2021-08-26 20:35:22','2021-08-26 20:35:22',NULL),('4f713f46-7487-366c-baa4-6648daa96846','tes511','wdwdw',1,0,NULL,'2021-08-26 20:35:17','2021-08-26 20:35:17',NULL),('4f8dcc71-e65b-3dc2-8c0a-199803f889fe','tes864','wdwdw',2,1,NULL,'2021-08-26 20:35:23','2021-08-26 20:35:23',NULL),('5061f472-0fae-3deb-833f-6680955e2391','tes906','wdwdw',1,1,NULL,'2021-08-26 20:35:23','2021-08-26 20:35:23',NULL),('508e5178-a93f-3e35-95e3-6e477d85182c','tes165','wdwdw',2,0,NULL,'2021-08-26 20:35:12','2021-08-26 20:35:12',NULL),('50b86f1e-da4f-37dd-bca4-d9c5d3d6a24c','tes303','wdwdw',2,0,NULL,'2021-08-26 20:35:14','2021-08-26 20:35:14',NULL),('50d4973f-4ea2-392b-a7c2-0bc7f62e8202','tes508','wdwdw',1,0,NULL,'2021-08-26 20:35:17','2021-08-26 20:35:17',NULL),('50df2ccb-0e60-3183-baa7-99c181cb55f4','tes327','wdwdw',2,0,NULL,'2021-08-26 20:35:14','2021-08-26 20:35:14',NULL),('50ed2927-b3fa-3c96-a8b9-bc85e84c2398','tes217','wdwdw',1,0,NULL,'2021-08-26 20:35:13','2021-08-26 20:35:13',NULL),('510a7dd1-b369-305e-b643-4c43fc4fcbde','tes34','wdwdw',2,1,NULL,'2021-08-26 20:35:10','2021-08-26 20:35:10',NULL),('5137d54d-8a49-3c3e-931f-28aff196ffa3','tes403','wdwdw',2,1,NULL,'2021-08-26 20:35:15','2021-08-26 20:35:15',NULL),('51ad97f6-02a5-3f2c-ada7-826eab23f0a4','tes402','wdwdw',2,1,NULL,'2021-08-26 20:35:15','2021-08-26 20:35:15',NULL),('51e1ff57-2a19-31ae-aa2e-4d910f813937','tes449','wdwdw',1,1,NULL,'2021-08-26 20:35:16','2021-08-26 20:35:16',NULL),('52018717-93dd-3776-ab98-59c63e8bdd80','tes760','wdwdw',2,0,NULL,'2021-08-26 20:35:21','2021-08-26 20:35:21',NULL),('5217b666-d822-3def-8b7b-cee751ad3a26','tes276','wdwdw',1,0,NULL,'2021-08-26 20:35:13','2021-08-26 20:35:13',NULL),('5219de7a-f525-3423-99b6-8088b559cf79','tes331','wdwdw',1,1,NULL,'2021-08-26 20:35:14','2021-08-26 20:35:14',NULL),('524b7355-c2f6-3084-a2bd-2e692e595a99','tes640','wdwdw',2,0,NULL,'2021-08-26 20:35:19','2021-08-26 20:35:19',NULL),('5259dbe7-7f92-395a-bf70-daffcec0e320','tes860','wdwdw',1,0,NULL,'2021-08-26 20:35:23','2021-08-26 20:35:23',NULL),('526de48e-09c6-344b-849d-82b4780e5bdb','tes64','wdwdw',1,0,NULL,'2021-08-26 20:35:10','2021-08-26 20:35:10',NULL),('5277fec4-d1d2-3a27-b76e-abd539fb9fde','tes236','wdwdw',2,0,NULL,'2021-08-26 20:35:13','2021-08-26 20:35:13',NULL),('52ad3963-e04b-3836-be4e-a1d464253b55','tes465','wdwdw',2,0,NULL,'2021-08-26 20:35:16','2021-08-26 20:35:16',NULL),('52b765b2-fe2f-3305-a676-bad12fd1535a','tes116','wdwdw',1,1,NULL,'2021-08-26 20:35:11','2021-08-26 20:35:11',NULL),('52c02b68-d919-3b24-85d2-a379639faa5f','tes616','wdwdw',2,1,NULL,'2021-08-26 20:35:19','2021-08-26 20:35:19',NULL),('52d1bb51-3f28-3b75-bf96-9b304132b8c6','tes287','wdwdw',1,1,NULL,'2021-08-26 20:35:14','2021-08-26 20:35:14',NULL),('534a96f2-7af3-3ca2-9377-d3cdce9c121d','tes229','wdwdw',2,0,NULL,'2021-08-26 20:35:13','2021-08-26 20:35:13',NULL),('53c47cd1-3009-359d-a0ab-d7a1095101ed','tes266','wdwdw',1,0,NULL,'2021-08-26 20:35:13','2021-08-26 20:35:13',NULL),('540e5f57-ebe8-379a-95c6-b7226e30a731','tes726','wdwdw',2,1,NULL,'2021-08-26 20:35:20','2021-08-26 20:35:20',NULL),('5473d41a-7ed1-3256-88a2-c5c4e1ca8780','tes963','wdwdw',1,0,NULL,'2021-08-26 20:35:24','2021-08-26 20:35:24',NULL),('54a5b77d-54b5-37f1-a20d-dadc452c7868','tes885','wdwdw',2,1,NULL,'2021-08-26 20:35:23','2021-08-26 20:35:23',NULL),('54cd442d-8a6a-3425-b438-5c5287d9f293','tes335','wdwdw',1,0,NULL,'2021-08-26 20:35:14','2021-08-26 20:35:14',NULL),('54ed849f-054c-3c4e-b1dc-1a12f3504742','tes563','wdwdw',2,1,NULL,'2021-08-26 20:35:18','2021-08-26 20:35:18',NULL),('54f3b85c-9a7e-3732-b686-f3190b041c61','tes468','wdwdw',1,0,NULL,'2021-08-26 20:35:16','2021-08-26 20:35:16',NULL),('5523b530-2172-3163-b6e7-70805a1a11ec','tes941','wdwdw',2,0,NULL,'2021-08-26 20:35:24','2021-08-26 20:35:24',NULL),('5576bcd6-af4d-384f-8d81-5cedd907dc49','tes916','wdwdw',2,0,NULL,'2021-08-26 20:35:23','2021-08-26 20:35:23',NULL),('55cba7a7-ba94-3504-9c31-a78fc879bb00','tes520','wdwdw',1,0,NULL,'2021-08-26 20:35:17','2021-08-26 20:35:17',NULL),('55d10fa1-c445-3e5e-9650-2f3b01b14cd8','tes554','wdwdw',1,0,NULL,'2021-08-26 20:35:18','2021-08-26 20:35:18',NULL),('55e0c3a8-a1eb-30fb-ab9c-183367db516d','tes353','wdwdw',1,0,NULL,'2021-08-26 20:35:15','2021-08-26 20:35:15',NULL),('55f66ff6-d99f-366f-aa35-6a418b6e972d','tes271','wdwdw',2,0,NULL,'2021-08-26 20:35:13','2021-08-26 20:35:13',NULL),('55fcc682-f8a5-3329-a507-93412c30617c','tes504','wdwdw',1,1,NULL,'2021-08-26 20:35:17','2021-08-26 20:35:17',NULL),('561a6013-ad08-32f5-9151-76e4e27a518d','tes314','wdwdw',2,1,NULL,'2021-08-26 20:35:14','2021-08-26 20:35:14',NULL),('56634be5-8283-3b3a-94c6-ec65cf305964','tes944','wdwdw',2,0,NULL,'2021-08-26 20:35:24','2021-08-26 20:35:24',NULL),('567c065e-7c9d-3182-ae9a-70a5c1a16ac6','tes606','wdwdw',1,1,NULL,'2021-08-26 20:35:19','2021-08-26 20:35:19',NULL),('56e31b21-4b00-3c11-852f-de599e2a5234','tes184','wdwdw',2,1,NULL,'2021-08-26 20:35:12','2021-08-26 20:35:12',NULL),('56ed79a3-28f1-36aa-a83b-67f0589eb22f','tes663','wdwdw',2,0,NULL,'2021-08-26 20:35:19','2021-08-26 20:35:19',NULL),('57249d13-be92-3143-847f-4f1592fa417c','tes954','wdwdw',2,0,NULL,'2021-08-26 20:35:24','2021-08-26 20:35:24',NULL),('573991b2-39d4-3363-ad03-3c1c35a96aa4','tes61','wdwdw',2,1,NULL,'2021-08-26 20:35:10','2021-08-26 20:35:10',NULL),('575e0e35-4dc5-3bb1-bc09-435d9f7bca55','tes310','wdwdw',2,0,NULL,'2021-08-26 20:35:14','2021-08-26 20:35:14',NULL),('57b75d7d-ae9d-3eb6-ada7-ed0a5de5db4f','tes551','wdwdw',1,0,NULL,'2021-08-26 20:35:18','2021-08-26 20:35:18',NULL),('57f0f969-94a1-32a4-a23c-a3ddf3d170b9','tes270','wdwdw',2,0,NULL,'2021-08-26 20:35:13','2021-08-26 20:35:13',NULL),('58384982-1987-3ab9-81cf-082a5ce6462e','tes124','wdwdw',1,1,NULL,'2021-08-26 20:35:11','2021-08-26 20:35:11',NULL),('5849f60a-2153-338b-9b68-e01be726fb66','tes419','wdwdw',1,0,NULL,'2021-08-26 20:35:16','2021-08-26 20:35:16',NULL),('5850ff35-9907-3c05-adf6-2335a2c220a7','tes155','wdwdw',2,1,NULL,'2021-08-26 20:35:12','2021-08-26 20:35:12',NULL),('58617758-14db-35b8-9bf8-1953969f36b2','tes677','wdwdw',2,1,NULL,'2021-08-26 20:35:20','2021-08-26 20:35:20',NULL),('5875b0bc-703a-34b5-bcd1-fc539f9a154c','tes141','wdwdw',1,1,NULL,'2021-08-26 20:35:11','2021-08-26 20:35:11',NULL),('58d1f6a8-edab-3b9b-be80-06d6764435ad','tes686','wdwdw',2,0,NULL,'2021-08-26 20:35:20','2021-08-26 20:35:20',NULL),('58ec5a25-d723-35c5-9d56-1f7f6c6ebba7','tes512','wdwdw',1,1,NULL,'2021-08-26 20:35:17','2021-08-26 20:35:17',NULL),('59ee03d1-067b-3c3c-a396-78d323cc24eb','tes208','wdwdw',2,1,NULL,'2021-08-26 20:35:12','2021-08-26 20:35:12',NULL),('5a0af2af-cdc9-39e5-a53e-18467d8d3b01','tes744','wdwdw',2,0,NULL,'2021-08-26 20:35:21','2021-08-26 20:35:21',NULL),('5a23c5e2-0a60-3f1f-8a2e-3b199842c6e1','tes514','wdwdw',1,1,NULL,'2021-08-26 20:35:17','2021-08-26 20:35:17',NULL),('5a9b64e4-5739-3f02-9566-9df351fa6ddd','tes781','wdwdw',1,1,NULL,'2021-08-26 20:35:21','2021-08-26 20:35:21',NULL),('5ad88420-55ec-3da0-ae4c-d75e14ee3c2c','tes252','wdwdw',1,1,NULL,'2021-08-26 20:35:13','2021-08-26 20:35:13',NULL),('5c275d99-7b68-38bc-b113-80008bdb326c','tes57','wdwdw',1,0,NULL,'2021-08-26 20:35:10','2021-08-26 20:35:10',NULL),('5c3bd419-6ff5-35a9-8280-ccc30d5c5c91','tes995','wdwdw',1,0,NULL,'2021-08-26 20:35:25','2021-08-30 19:13:16','2021-08-30 19:13:16'),('5c57075e-0578-3d54-9ce0-4510382fed73','tes667','wdwdw',1,1,NULL,'2021-08-26 20:35:20','2021-08-26 20:35:20',NULL),('5c70d998-c28c-3fc1-8d06-682a75719984','tes866','wdwdw',2,1,NULL,'2021-08-26 20:35:23','2021-08-26 20:35:23',NULL),('5c9093e9-8f8f-39f2-9d93-fdca4fb38922','tes203','wdwdw',2,1,NULL,'2021-08-26 20:35:12','2021-08-26 20:35:12',NULL),('5c99139f-db55-3dce-8cd5-466cfbc5f517','tes463','wdwdw',1,0,NULL,'2021-08-26 20:35:16','2021-08-26 20:35:16',NULL),('5cc3b797-6db4-31e7-af3d-75cdce54a820','tes882','wdwdw',1,0,NULL,'2021-08-26 20:35:23','2021-08-26 20:35:23',NULL),('5d525d7c-25cf-3c74-9440-36371ebc2b90','tes105','wdwdw',2,1,NULL,'2021-08-26 20:35:11','2021-08-26 20:35:11',NULL),('5dd266be-9f9c-3002-b2d4-69cebedb6ece','tes145','wdwdw',1,1,NULL,'2021-08-26 20:35:11','2021-08-26 20:35:11',NULL),('5de02b78-6723-3b7f-939a-06e61e3deef1','tes655','wdwdw',2,1,NULL,'2021-08-26 20:35:19','2021-08-26 20:35:19',NULL),('5de87a9a-0af5-33ed-90c4-3d4fd7c74deb','tes187','wdwdw',1,0,NULL,'2021-08-26 20:35:12','2021-08-26 20:35:12',NULL),('5e39ee08-7a91-3811-8e5c-8b4733bd10eb','tes407','wdwdw',2,0,NULL,'2021-08-26 20:35:15','2021-08-26 20:35:15',NULL),('5e39f3da-23d5-3760-b2ed-201ea04efbf7','tes583','wdwdw',2,1,NULL,'2021-08-26 20:35:18','2021-08-26 20:35:18',NULL),('5eb28c72-4e0d-3d4f-a8fc-3ca3af398fad','tes297','wdwdw',2,0,NULL,'2021-08-26 20:35:14','2021-08-26 20:35:14',NULL),('5f621b8a-a79c-3a51-91fa-fe75f9d27e52','tes605','wdwdw',2,0,NULL,'2021-08-26 20:35:19','2021-08-26 20:35:19',NULL),('5f638613-9aa6-3d00-9525-d959ce43b71b','tes887','wdwdw',2,1,NULL,'2021-08-26 20:35:23','2021-08-26 20:35:23',NULL),('5fdb68c2-1bb2-344f-88b3-e5ac3fa322a3','tes633','wdwdw',1,1,NULL,'2021-08-26 20:35:19','2021-08-26 20:35:19',NULL),('607cf7be-f397-3893-bf67-90d5383dc653','tes904','wdwdw',1,1,NULL,'2021-08-26 20:35:23','2021-08-26 20:35:23',NULL),('612e24d6-fe57-387d-b145-c768cb2bbcac','tes40','wdwdw',2,0,NULL,'2021-08-26 20:35:10','2021-08-26 20:35:10',NULL),('617eb5d7-b6ee-39ab-9ac1-8d785d7d132d','tes581','wdwdw',2,1,NULL,'2021-08-26 20:35:18','2021-08-26 20:35:18',NULL),('61b7acaf-b4b3-355e-a0f7-951d181b502a','tes284','wdwdw',2,0,NULL,'2021-08-26 20:35:14','2021-08-26 20:35:14',NULL),('621ae97d-1039-3855-8462-e1b60a3f11fa','tes263','wdwdw',2,0,NULL,'2021-08-26 20:35:13','2021-08-26 20:35:13',NULL),('624d258f-e4e2-3afd-b6fc-a8f12b0fbdaa','tes516','wdwdw',2,1,NULL,'2021-08-26 20:35:17','2021-08-26 20:35:17',NULL),('62748267-3339-3eb8-9cef-3f25b7483edd','tes462','wdwdw',2,0,NULL,'2021-08-26 20:35:16','2021-08-26 20:35:16',NULL),('62a647e9-2556-3231-841e-e268fc583b77','tes739','wdwdw',2,1,NULL,'2021-08-26 20:35:21','2021-08-26 20:35:21',NULL),('62c82c58-194f-3432-932f-2aea4030d3fa','tes191','wdwdw',2,0,NULL,'2021-08-26 20:35:12','2021-08-26 20:35:12',NULL),('636a05cb-a2e8-34e9-a824-258444106cb9','tes625','wdwdw',1,0,NULL,'2021-08-26 20:35:19','2021-08-26 20:35:19',NULL),('63cb8eb4-98c2-341a-ad93-5b8a9bfe5637','tes814','wdwdw',2,1,NULL,'2021-08-26 20:35:22','2021-08-26 20:35:22',NULL),('63f4c599-c383-368f-8d83-123dd6836254','tes647','wdwdw',1,1,NULL,'2021-08-26 20:35:19','2021-08-26 20:35:19',NULL),('644a735b-269d-30cb-aa75-f3d087ee597b','tes998','wdwdw',1,0,NULL,'2021-08-26 20:35:25','2021-09-02 21:20:03','2021-09-02 21:20:03'),('6486c92b-7de3-36e4-9ac9-437a54ce2120','tes962','wdwdw',1,0,NULL,'2021-08-26 20:35:24','2021-08-26 20:35:24',NULL),('64aa95bc-ede4-4709-9b11-03da04f01915','wqd','qwdwq',1,1,'2021-09-29','2021-09-11 11:18:55','2021-09-11 11:18:55',NULL),('64dfa996-fba0-3e09-ad13-a84c1fd86dfb','tes879','wdwdw',2,0,NULL,'2021-08-26 20:35:23','2021-08-26 20:35:23',NULL),('64f853c2-2767-3936-8d53-7d71586e2133','tes620','wdwdw',1,0,NULL,'2021-08-26 20:35:19','2021-08-26 20:35:19',NULL),('651f0238-1991-3b92-8204-6f0f75ced159','tes787','wdwdw',1,0,NULL,'2021-08-26 20:35:21','2021-08-26 20:35:21',NULL),('657448ae-6d1e-322f-b364-70c78afaaee1','tes934','wdwdw',1,0,NULL,'2021-08-26 20:35:24','2021-08-26 20:35:24',NULL),('65923596-e02c-380d-9a7d-9690dd69ec3c','tes413','wdwdw',1,1,NULL,'2021-08-26 20:35:16','2021-08-26 20:35:16',NULL),('65c4fc86-7017-38cf-bd6b-852d5093c1d7','tes848','wdwdw',1,1,NULL,'2021-08-26 20:35:22','2021-08-26 20:35:22',NULL),('66200d70-e012-36e4-858b-b016fe523952','tes282','wdwdw',2,0,NULL,'2021-08-26 20:35:14','2021-08-26 20:35:14',NULL),('666a78e9-8cdc-39fb-a7c0-969f5a930688','tes251','wdwdw',1,1,NULL,'2021-08-26 20:35:13','2021-08-26 20:35:13',NULL),('667faa73-53bf-343e-8e4c-1e2f18e316bf','tes379','wdwdw',1,1,NULL,'2021-08-26 20:35:15','2021-08-26 20:35:15',NULL),('672c7d44-dc6f-3855-b688-e2e2fffffd2a','tes553','wdwdw',1,1,NULL,'2021-08-26 20:35:18','2021-08-26 20:35:18',NULL),('673c20b4-23ad-329f-ad7c-d7940385d672','tes544','wdwdw',2,1,NULL,'2021-08-26 20:35:18','2021-08-26 20:35:18',NULL),('67502b00-3949-3c43-8bab-1ceac9ee5162','tes540','wdwdw',2,0,NULL,'2021-08-26 20:35:18','2021-08-26 20:35:18',NULL),('6776aac8-0034-323e-b947-dff48c44c892','tes211','wdwdw',1,0,NULL,'2021-08-26 20:35:12','2021-08-26 20:35:12',NULL),('67e7fc5e-780a-3bb9-aa3a-ee86a566ca57','tes700','wdwdw',1,1,NULL,'2021-08-26 20:35:20','2021-08-26 20:35:20',NULL),('68512b59-92b2-3bb1-8950-feb06c89e1cb','tes856','wdwdw',1,1,NULL,'2021-08-26 20:35:22','2021-08-26 20:35:22',NULL),('6853feaf-20c6-39b4-86f3-9f6cf13bc606','tes560','wdwdw',2,0,NULL,'2021-08-26 20:35:18','2021-08-26 20:35:18',NULL),('68954705-8486-3cd3-a97a-181bb1a0f0c3','tes226','wdwdw',2,0,NULL,'2021-08-26 20:35:13','2021-08-26 20:35:13',NULL),('68e9df3c-c8fe-35c9-a143-7b1a9c22a404','tes426','wdwdw',1,0,NULL,'2021-08-26 20:35:16','2021-08-26 20:35:16',NULL),('68efdc23-49c3-3d43-b03c-4352849a6def','tes292','wdwdw',2,1,NULL,'2021-08-26 20:35:14','2021-08-26 20:35:14',NULL),('69c8a689-e595-3bd4-a96e-61e74a7d558a','tes192','wdwdw',1,0,NULL,'2021-08-26 20:35:12','2021-08-26 20:35:12',NULL),('69c9214b-3a24-33d3-b808-74b67afe5c63','tes250','wdwdw',2,0,NULL,'2021-08-26 20:35:13','2021-08-26 20:35:13',NULL),('69f435b5-116d-3a9c-9d75-5d6116ec43fa','tes847','wdwdw',1,0,NULL,'2021-08-26 20:35:22','2021-08-26 20:35:22',NULL),('6a2101e5-d704-3a15-bc08-191480b336b9','tes495','wdwdw',2,1,NULL,'2021-08-26 20:35:17','2021-08-26 20:35:17',NULL),('6ab7bb31-0693-3d05-8fc2-e085d4116fa3','tes547','wdwdw',1,0,NULL,'2021-08-26 20:35:18','2021-08-26 20:35:18',NULL),('6ac2df19-3789-3598-9470-796bf03653c7','tes621','wdwdw',2,0,NULL,'2021-08-26 20:35:19','2021-08-26 20:35:19',NULL),('6af49bdc-f546-3230-8fc1-add5a3f3ecbd','tes935','wdwdw',1,0,NULL,'2021-08-26 20:35:24','2021-08-26 20:35:24',NULL),('6b089f93-596d-3c5f-bae1-ee89096f09ca','tes232','wdwdw',2,1,NULL,'2021-08-26 20:35:13','2021-08-26 20:35:13',NULL),('6b5aff6d-c6bb-3740-a892-f3ebad4d69b9','tes169','wdwdw',2,0,NULL,'2021-08-26 20:35:12','2021-08-26 20:35:12',NULL),('6b94d2cb-4313-3b45-843a-ed166a0a1a29','tes254','wdwdw',2,0,NULL,'2021-08-26 20:35:13','2021-08-26 20:35:13',NULL),('6b996c78-e4a4-3b55-bd8c-7a85ce8012b7','tes577','wdwdw',2,0,NULL,'2021-08-26 20:35:18','2021-08-26 20:35:18',NULL),('6bcbcd7a-8366-32dc-b460-87aef3c1aed8','tes126','wdwdw',2,0,NULL,'2021-08-26 20:35:11','2021-08-26 20:35:11',NULL),('6bd5a25f-e6a9-33c0-b482-3ea9e3fa11dc','tes826','wdwdw',2,0,NULL,'2021-08-26 20:35:22','2021-08-26 20:35:22',NULL),('6c02263a-3b7f-34e9-946a-60cacb6fed5f','tes396','wdwdw',1,1,NULL,'2021-08-26 20:35:15','2021-08-26 20:35:15',NULL),('6c24cc90-a272-3b2f-b137-ab9e7d7f0abe','tes231','wdwdw',1,0,NULL,'2021-08-26 20:35:13','2021-08-26 20:35:13',NULL),('6ca3574a-ed9f-3cad-b867-d680efee097d','tes675','wdwdw',2,0,NULL,'2021-08-26 20:35:20','2021-08-26 20:35:20',NULL),('6cbc51f9-1052-380f-82cc-413522876b15','tes665','wdwdw',1,0,NULL,'2021-08-26 20:35:19','2021-08-26 20:35:19',NULL),('6d0b1fcc-ac21-3161-a56e-a940019880e8','tes938','wdwdw',1,1,NULL,'2021-08-26 20:35:24','2021-08-26 20:35:24',NULL),('6d20c249-9d59-32c6-8dd1-86e71db5b726','tes813','wdwdw',1,1,NULL,'2021-08-26 20:35:22','2021-08-26 20:35:22',NULL),('6d752932-534b-323d-8d92-1d60d4f7e251','tes375','wdwdw',2,0,NULL,'2021-08-26 20:35:15','2021-08-26 20:35:15',NULL),('6d8f2bf6-712f-31be-82de-4e7fbcd63aaf','tes415','wdwdw',1,1,NULL,'2021-08-26 20:35:16','2021-08-26 20:35:16',NULL),('6da24bf6-c3b4-3e0c-a5de-9b0760472e90','tes637','wdwdw',2,0,NULL,'2021-08-26 20:35:19','2021-08-26 20:35:19',NULL),('6e7c553f-a0f9-3d27-aaaa-397f2a8c6aa3','tes920','wdwdw',2,0,NULL,'2021-08-26 20:35:23','2021-08-26 20:35:23',NULL),('6ee532ae-121e-37f7-9ada-a519dcbbe82c','tes658','wdwdw',2,0,NULL,'2021-08-26 20:35:19','2021-08-26 20:35:19',NULL),('6fc804a8-055c-38f7-bc5b-0ff91d6ee663','tes585','wdwdw',1,0,NULL,'2021-08-26 20:35:18','2021-08-26 20:35:18',NULL),('6ffd0e76-a182-3154-901c-da01657da1da','tes265','wdwdw',1,1,NULL,'2021-08-26 20:35:13','2021-08-26 20:35:13',NULL),('70192c0c-fc0a-3c5f-b220-513e4de2f894','tes610','wdwdw',1,0,NULL,'2021-08-26 20:35:19','2021-08-26 20:35:19',NULL),('70207ffa-48d2-3779-94e6-526a36a4f8fa','tes484','wdwdw',1,1,NULL,'2021-08-26 20:35:17','2021-08-26 20:35:17',NULL),('704327d8-569b-3bdd-95ab-2d030fb15100','tes955','wdwdw',1,0,NULL,'2021-08-26 20:35:24','2021-08-26 20:35:24',NULL),('70d4276c-0f31-332a-93e2-311f78330ac5','tes311','wdwdw',1,1,NULL,'2021-08-26 20:35:14','2021-08-26 20:35:14',NULL),('70da5a49-a7ca-321b-9855-85fac585da73','tes440','wdwdw',1,1,NULL,'2021-08-26 20:35:16','2021-08-26 20:35:16',NULL),('70f1fa98-e65d-3620-9dda-04afe235e809','tes472','wdwdw',2,1,NULL,'2021-08-26 20:35:16','2021-08-26 20:35:16',NULL),('712a0af5-2b2d-3381-a446-b696e9526c9f','tes969','wdwdw',2,1,NULL,'2021-08-26 20:35:24','2021-08-26 20:35:24',NULL),('7156f48a-63b5-35ec-8874-edd172c28904','tes793','wdwdw',2,1,NULL,'2021-08-26 20:35:21','2021-08-26 20:35:21',NULL),('71625762-9304-32c8-9ff8-d862b6f235fc','tes181','wdwdw',2,1,NULL,'2021-08-26 20:35:12','2021-08-26 20:35:12',NULL),('719d5eb9-caf2-3f4f-bd28-2f64edefc727','tes513','wdwdw',1,1,NULL,'2021-08-26 20:35:17','2021-08-26 20:35:17',NULL),('71d9c05a-b23c-38ac-a695-523f3f5416a8','tes493','wdwdw',1,1,NULL,'2021-08-26 20:35:17','2021-08-26 20:35:17',NULL),('7224ec72-d488-3395-af2b-900402e6c6f1','tes422','wdwdw',1,1,NULL,'2021-08-26 20:35:16','2021-08-26 20:35:16',NULL),('726beeed-df94-441f-97d7-09ceef8c127c','wd','wdwd',2,1,NULL,'2021-08-29 05:34:37','2021-08-29 05:35:05','2021-08-29 05:35:05'),('73501ba4-1969-3e00-ad30-a67fb987c869','tes94','wdwdw',1,0,NULL,'2021-08-26 20:35:11','2021-08-26 20:35:11',NULL),('73ee3254-33a2-3f09-b97d-15ae96809c05','tes976','wdwdw',2,0,NULL,'2021-08-26 20:35:24','2021-08-26 20:35:24',NULL),('74f842d0-0761-37bf-a6f8-6f63655a54ba','tes654','wdwdw',1,0,NULL,'2021-08-26 20:35:19','2021-08-26 20:35:19',NULL),('7539d12e-882d-3bab-a852-cad45293469a','tes835','wdwdw',2,0,NULL,'2021-08-26 20:35:22','2021-08-26 20:35:22',NULL),('75637bca-fb2a-325e-86d3-e7d36df422bc','tes816','wdwdw',1,0,NULL,'2021-08-26 20:35:22','2021-08-26 20:35:22',NULL),('75b72317-2659-3bea-877d-f516b611bf9f','tes936','wdwdw',2,0,NULL,'2021-08-26 20:35:24','2021-08-26 20:35:24',NULL),('76100ac4-850d-3767-87ab-ffb5ed5755cd','tes143','wdwdw',2,0,NULL,'2021-08-26 20:35:11','2021-08-26 20:35:11',NULL),('766791a4-f711-3b0e-a9de-759f4fcc0fb8','tes673','wdwdw',2,1,NULL,'2021-08-26 20:35:20','2021-08-26 20:35:20',NULL),('76b001e2-ce14-3169-a152-384fa819611f','tes365','wdwdw',1,1,NULL,'2021-08-26 20:35:15','2021-08-26 20:35:15',NULL),('7720ca38-53e7-349c-9ef7-4cbabf96bbd5','tes190','wdwdw',2,1,NULL,'2021-08-26 20:35:12','2021-08-26 20:35:12',NULL),('772d4e87-9b49-350f-9f57-98777d354601','tes431','wdwdw',2,1,NULL,'2021-08-26 20:35:16','2021-08-26 20:35:16',NULL),('78518afe-f3bc-3100-a362-7dc161d39c1b','tes8','wdwdw',1,1,NULL,'2021-08-26 20:35:09','2021-08-26 20:35:09',NULL),('789f7669-8bf9-3814-89d8-22e3d34a7b12','tes202','wdwdw',2,0,NULL,'2021-08-26 20:35:12','2021-08-26 20:35:12',NULL),('78def57a-bb9f-3f05-81b4-9f1fcdb6ce53','tes878','wdwdw',1,1,NULL,'2021-08-26 20:35:23','2021-08-26 20:35:23',NULL),('78ebd06c-9bbe-3045-ae2f-fe2c849834a6','tes873','wdwdw',2,0,NULL,'2021-08-26 20:35:23','2021-08-26 20:35:23',NULL),('790273c3-5ac0-3ba5-bd4b-8378e1dbe743','tes330','wdwdw',1,0,NULL,'2021-08-26 20:35:14','2021-08-26 20:35:14',NULL),('790299db-23b9-307c-8d0b-cfc412308403','tes351','wdwdw',2,0,NULL,'2021-08-26 20:35:15','2021-08-26 20:35:15',NULL),('79075ac8-f3fb-35af-80d7-c9c1ce25d2f6','tes320','wdwdw',2,0,NULL,'2021-08-26 20:35:14','2021-08-26 20:35:14',NULL),('79309c2f-417d-340c-933e-abfbe985c509','tes635','wdwdw',1,0,NULL,'2021-08-26 20:35:19','2021-08-26 20:35:19',NULL),('797130de-ac02-3626-b8d2-6f6ba8042004','tes747','wdwdw',1,0,NULL,'2021-08-26 20:35:21','2021-08-26 20:35:21',NULL),('798c9c42-10ca-3c72-99e8-21199e4c400f','tes83','wdwdw',2,0,NULL,'2021-08-26 20:35:10','2021-08-26 20:35:10',NULL),('79d0b387-01bb-31ca-b3a0-cd40a7106001','tes607','wdwdw',2,1,NULL,'2021-08-26 20:35:19','2021-08-26 20:35:19',NULL),('7a35c085-3d8a-3db9-8ad8-df1af6a51a95','tes751','wdwdw',1,1,NULL,'2021-08-26 20:35:21','2021-08-26 20:35:21',NULL),('7a99ba8a-f76d-37eb-946d-72f7b153186f','tes982','wdwdw',1,1,NULL,'2021-08-26 20:35:24','2021-08-26 20:35:24',NULL),('7ae67df5-770b-3273-931b-c65820137ce5','tes102','wdwdw',1,1,NULL,'2021-08-26 20:35:11','2021-08-26 20:35:11',NULL),('7b4fa639-12f8-3a32-b29d-0f07e9039a93','tes749','wdwdw',2,1,NULL,'2021-08-26 20:35:21','2021-08-26 20:35:21',NULL),('7b6d3916-33ec-30c7-bf06-007c081ac134','tes39','wdwdw',1,0,NULL,'2021-08-26 20:35:10','2021-08-26 20:35:10',NULL),('7c6e2dc4-277d-3932-9d83-512dfa3f3e6e','tes648','wdwdw',2,0,NULL,'2021-08-26 20:35:19','2021-08-26 20:35:19',NULL),('7cb7ec44-1777-33cf-a5cc-9c65e1bfc894','tes657','wdwdw',2,0,NULL,'2021-08-26 20:35:19','2021-08-26 20:35:19',NULL),('7cc9850e-2463-38e4-9372-936002dd6cbf','tes592','wdwdw',1,1,NULL,'2021-08-26 20:35:18','2021-08-26 20:35:18',NULL),('7d2d29f8-d2f6-3de8-85d3-30accd1200ee','tes453','wdwdw',2,0,NULL,'2021-08-26 20:35:16','2021-08-26 20:35:16',NULL),('7d6bd843-a1e4-3fc6-8b47-5a32f3907c45','tes163','wdwdw',2,0,NULL,'2021-08-26 20:35:12','2021-08-26 20:35:12',NULL),('7df3a0ad-4cf2-3828-9ff7-3f81e707caa2','tes4','wdwdw',1,1,NULL,'2021-08-26 20:35:09','2021-08-26 20:35:09',NULL),('7e01dfea-adf7-3805-8eac-5f0286b5293a','tes238','wdwdw',1,1,NULL,'2021-08-26 20:35:13','2021-08-26 20:35:13',NULL),('7e2330f5-d838-3b02-8e48-b1b5c0179cb0','tes886','wdwdw',1,0,NULL,'2021-08-26 20:35:23','2021-08-26 20:35:23',NULL),('7e64c560-3b99-3f53-b62c-f39d932ef9bd','tes589','wdwdw',1,0,NULL,'2021-08-26 20:35:18','2021-08-26 20:35:18',NULL),('7efbe434-cdfe-3a16-9ac8-6b5a37b214fe','tes381','wdwdw',1,1,NULL,'2021-08-26 20:35:15','2021-08-26 20:35:15',NULL),('7f8bf6cf-d8d0-3bba-b9be-cee863a65cff','tes123','wdwdw',2,0,NULL,'2021-08-26 20:35:11','2021-08-26 20:35:11',NULL),('7fa0bea2-73a1-3dd0-a5b4-33f70f065a35','tes313','wdwdw',1,0,NULL,'2021-08-26 20:35:14','2021-08-26 20:35:14',NULL),('8069268f-027c-3633-bc7c-7948b2969de8','tes645','wdwdw',2,1,NULL,'2021-08-26 20:35:19','2021-08-26 20:35:19',NULL),('80ae5421-0a06-3aee-8a88-cd02069fcadf','tes775','wdwdw',1,0,NULL,'2021-08-26 20:35:21','2021-08-26 20:35:21',NULL),('80d8847d-5d34-3290-af09-8d39d443244c','tes392','wdwdw',1,0,NULL,'2021-08-26 20:35:15','2021-08-26 20:35:15',NULL),('80df0b2f-d9b0-3843-b0fb-47c59e1b3f9a','tes978','wdwdw',2,0,NULL,'2021-08-26 20:35:24','2021-08-26 20:35:24',NULL),('812cd582-21f1-3d05-8e01-17745bea560d','tes859','wdwdw',2,0,NULL,'2021-08-26 20:35:22','2021-08-26 20:35:22',NULL),('812e948b-203c-3f29-9754-6c2f06e15d07','tes912','wdwdw',2,0,NULL,'2021-08-26 20:35:23','2021-08-26 20:35:23',NULL),('8150a603-c7d4-3adc-b85e-4f4eddb63288','tes550','wdwdw',1,1,NULL,'2021-08-26 20:35:18','2021-08-26 20:35:18',NULL),('81900eaf-7922-3b51-baf1-bbbe29c0eedd','tes362','wdwdw',2,1,NULL,'2021-08-26 20:35:15','2021-08-26 20:35:15',NULL),('81c14d36-4da6-3d46-830a-c07d164c82b3','tes865','wdwdw',1,0,NULL,'2021-08-26 20:35:23','2021-08-26 20:35:23',NULL),('81c6c1fa-a835-3cef-8c97-483859f69dae','tes786','wdwdw',1,1,NULL,'2021-08-26 20:35:21','2021-08-26 20:35:21',NULL),('81d783cd-efa7-373f-8463-2796bc4d11fb','tes374','wdwdw',1,1,NULL,'2021-08-26 20:35:15','2021-08-26 20:35:15',NULL),('81fc1bce-d105-37d6-86d1-e61d00e7d55f','tes288','wdwdw',1,0,NULL,'2021-08-26 20:35:14','2021-08-26 20:35:14',NULL),('82165104-4665-34c3-b7e7-3b26cff13008','tes316','wdwdw',2,1,NULL,'2021-08-26 20:35:14','2021-08-26 20:35:14',NULL),('8232036c-a9b0-3fd4-8662-cb312269aeb6','tes868','wdwdw',2,0,NULL,'2021-08-26 20:35:23','2021-08-26 20:35:23',NULL),('82d95924-c706-3cff-8b3f-09fec4f99b77','tes70','wdwdw',1,1,NULL,'2021-08-26 20:35:10','2021-08-26 20:35:10',NULL),('83112130-728c-32ab-8ddf-836b24ebe8a8','tes338','wdwdw',2,1,NULL,'2021-08-26 20:35:14','2021-08-26 20:35:14',NULL),('83140bbb-3fae-32f3-b8bd-c9a4495abcf5','tes664','wdwdw',1,0,NULL,'2021-08-26 20:35:19','2021-08-26 20:35:19',NULL),('8324a546-fe3e-3e8a-a8dd-2455e286d41f','tes171','wdwdw',1,0,NULL,'2021-08-26 20:35:12','2021-08-26 20:35:12',NULL),('835eed04-b77e-375f-a4c0-72f7d78def5e','tes458','wdwdw',1,0,NULL,'2021-08-26 20:35:16','2021-08-26 20:35:16',NULL),('83ad2936-7c97-31da-b39a-2a9c060bc58c','tes579','wdwdw',1,1,NULL,'2021-08-26 20:35:18','2021-08-26 20:35:18',NULL),('84055df1-3afe-3765-ad0d-0ab77d286b13','tes999','wdwdw',1,1,NULL,'2021-08-26 20:35:25','2021-08-26 20:35:25',NULL),('84433624-03ec-30e7-9a2b-c3d53e005dac','tes280','wdwdw',2,0,NULL,'2021-08-26 20:35:13','2021-08-26 20:35:13',NULL),('84604993-1076-36f9-b318-bc906ae8d61f','tes595','wdwdw',1,0,NULL,'2021-08-26 20:35:18','2021-08-26 20:35:18',NULL),('84d80a31-0baf-3ccf-8524-4d81b83a9944','tes945','wdwdw',2,1,NULL,'2021-08-26 20:35:24','2021-08-26 20:35:24',NULL),('8501b4c4-f28a-3bb9-96ae-1e89020d5fa0','tes494','wdwdw',1,1,NULL,'2021-08-26 20:35:17','2021-08-26 20:35:17',NULL),('852df6fe-ed65-3fa5-b032-f1adc3192ae5','tes47','wdwdw',1,0,NULL,'2021-08-26 20:35:10','2021-08-26 20:35:10',NULL),('855ef657-a299-38b3-b631-74d5c48e28f7','tes502','wdwdw',1,0,NULL,'2021-08-26 20:35:17','2021-08-26 20:35:17',NULL),('8570f13b-9a60-308e-8a48-46d8f78bba16','tes666','wdwdw',1,0,NULL,'2021-08-26 20:35:19','2021-08-26 20:35:19',NULL),('85b3b336-a197-33a9-85f0-c3ab3eaba43c','tes364','wdwdw',1,1,NULL,'2021-08-26 20:35:15','2021-08-26 20:35:15',NULL),('85ddd8da-b5ba-30ac-aca4-d70e7f2bf010','tes957','wdwdw',1,0,NULL,'2021-08-26 20:35:24','2021-08-26 20:35:24',NULL),('86732536-bea1-350f-9170-129fd11e8653','tes147','wdwdw',1,0,NULL,'2021-08-26 20:35:11','2021-08-26 20:35:11',NULL),('8675e32b-893d-36ae-93fe-36e0bb10a990','tes390','wdwdw',2,1,NULL,'2021-08-26 20:35:15','2021-08-26 20:35:15',NULL),('86f78bc3-dff7-3e3b-a4bc-54beed8639a7','tes246','wdwdw',2,0,NULL,'2021-08-26 20:35:13','2021-08-26 20:35:13',NULL),('8710aa40-57b8-31b7-a406-7172dcdd23a3','tes662','wdwdw',2,0,NULL,'2021-08-26 20:35:19','2021-08-26 20:35:19',NULL),('8721b101-9ebc-320d-a1cc-4c1c06775776','tes285','wdwdw',2,0,NULL,'2021-08-26 20:35:14','2021-08-26 20:35:14',NULL),('8741d7bc-40a6-350c-a9a6-a3f140af5c4f','tes473','wdwdw',2,1,NULL,'2021-08-26 20:35:16','2021-08-26 20:35:16',NULL),('8758c2c5-3c98-300b-a111-d25c55f12699','tes140','wdwdw',1,0,NULL,'2021-08-26 20:35:11','2021-08-26 20:35:11',NULL),('87b47eef-3962-3358-b270-561f7782471e','tes828','wdwdw',1,1,NULL,'2021-08-26 20:35:22','2021-08-26 20:35:22',NULL),('87e34b90-618f-38be-8380-2a428e0ef492','tes611','wdwdw',1,0,NULL,'2021-08-26 20:35:19','2021-08-26 20:35:19',NULL),('8811395e-765b-3c42-a6f0-42f2fb70fefa','tes682','wdwdw',2,0,NULL,'2021-08-26 20:35:20','2021-08-26 20:35:20',NULL),('88566e62-456d-390f-8338-e9577254ef3f','tes653','wdwdw',1,0,NULL,'2021-08-26 20:35:19','2021-08-26 20:35:19',NULL),('88be4776-fc0b-3bf2-995a-191669c311f4','tes773','wdwdw',2,1,NULL,'2021-08-26 20:35:21','2021-08-26 20:35:21',NULL),('88edb8f9-2d71-3fb2-8c13-bf425998a98d','tes104','wdwdw',2,0,NULL,'2021-08-26 20:35:11','2021-08-26 20:35:11',NULL),('8a0c45ea-0488-343d-acef-e745841af6fa','tes507','wdwdw',2,0,NULL,'2021-08-26 20:35:17','2021-08-26 20:35:17',NULL),('8a2cd302-f93b-3f7d-a21e-8c22a41da5aa','tes36','wdwdw',2,0,NULL,'2021-08-26 20:35:10','2021-08-26 20:35:10',NULL),('8a5fa300-1567-383c-94da-1d7990cefce5','tes28','wdwdw',1,0,NULL,'2021-08-26 20:35:10','2021-08-26 20:35:10',NULL),('8aeb195b-791e-395f-8ea3-d4fdd9f0808e','tes509','wdwdw',2,1,NULL,'2021-08-26 20:35:17','2021-08-26 20:35:17',NULL),('8b29a5b3-f734-3719-b46b-64bb20f4ce8a','tes683','wdwdw',1,0,NULL,'2021-08-26 20:35:20','2021-08-26 20:35:20',NULL),('8b91e8be-22e1-33d5-a603-f1535d653fd9','tes926','wdwdw',2,0,NULL,'2021-08-26 20:35:24','2021-08-26 20:35:24',NULL),('8ba36bd0-e0da-3637-a770-8e356a4580eb','tes796','wdwdw',1,1,NULL,'2021-08-26 20:35:22','2021-08-26 20:35:22',NULL),('8c153dff-c52d-3d97-9129-5818aa7b36c6','tes705','wdwdw',2,1,NULL,'2021-08-26 20:35:20','2021-08-26 20:35:20',NULL),('8c93150f-0f18-3d2e-978e-05cbc13777e4','tes404','wdwdw',1,0,NULL,'2021-08-26 20:35:15','2021-08-26 20:35:15',NULL),('8d457530-68ef-3bdb-91df-b7c959e89e25','tes323','wdwdw',2,0,NULL,'2021-08-26 20:35:14','2021-08-26 20:35:14',NULL),('8e501b32-7c22-3b37-9214-ae98bbacd56d','tes281','wdwdw',1,0,NULL,'2021-08-26 20:35:14','2021-08-26 20:35:14',NULL),('8f24daab-325f-3bbb-a587-4c79842074a2','tes669','wdwdw',2,0,NULL,'2021-08-26 20:35:20','2021-08-26 20:35:20',NULL),('8f8392e5-18a0-3108-b55b-1a5cbf868cb2','tes827','wdwdw',2,0,NULL,'2021-08-26 20:35:22','2021-08-26 20:35:22',NULL),('8fb5bbdb-cd91-37cb-a051-e9c5e1e87cc8','tes237','wdwdw',1,1,NULL,'2021-08-26 20:35:13','2021-08-26 20:35:13',NULL),('9051d420-66d0-3beb-825f-4ec85596e35a','tes905','wdwdw',2,1,NULL,'2021-08-26 20:35:23','2021-08-26 20:35:23',NULL),('9108f57e-d495-3ead-bd21-b534d130ff1e','tes525','wdwdw',2,1,NULL,'2021-08-26 20:35:17','2021-08-26 20:35:17',NULL),('912a4b5d-c1c4-3acb-b093-2effa153ab2c','tes486','wdwdw',1,1,NULL,'2021-08-26 20:35:17','2021-08-26 20:35:17',NULL),('915497e8-2331-3ee6-97ed-a53d79fc2f15','tes3','wdwdw',1,0,NULL,'2021-08-26 20:35:09','2021-08-26 20:35:09',NULL),('91747440-018d-3d12-b485-b670d999bc1d','tes101','wdwdw',1,1,NULL,'2021-08-26 20:35:11','2021-08-26 20:35:11',NULL),('91904d48-9d8e-3299-900c-cdaa0f74c788','tes274','wdwdw',1,1,NULL,'2021-08-26 20:35:13','2021-08-26 20:35:13',NULL),('9191a851-f76b-33a7-b90b-234fadb1afad','tes911','wdwdw',1,1,NULL,'2021-08-26 20:35:23','2021-08-26 20:35:23',NULL),('91cf2dc6-c425-3701-b5d0-fd73e4d832df','tes459','wdwdw',1,0,NULL,'2021-08-26 20:35:16','2021-08-26 20:35:16',NULL),('9206644f-aec3-3c21-8ca6-5dcc0d70f8c9','tes460','wdwdw',1,0,NULL,'2021-08-26 20:35:16','2021-08-26 20:35:16',NULL),('921eca5f-dfa7-31d9-b7f5-9716f4584cfa','tes790','wdwdw',2,1,NULL,'2021-08-26 20:35:21','2021-08-26 20:35:21',NULL),('92b819ae-58b5-3e8f-a2a5-c6e9ce116858','tes782','wdwdw',1,1,NULL,'2021-08-26 20:35:21','2021-08-26 20:35:21',NULL),('93058bcd-433e-3c2a-b95b-3f26a8bae1c6','tes269','wdwdw',1,1,NULL,'2021-08-26 20:35:13','2021-08-26 20:35:13',NULL),('9323101c-9fe6-330b-83bc-db55e184592d','tes771','wdwdw',1,0,NULL,'2021-08-26 20:35:21','2021-08-26 20:35:21',NULL),('9328c14b-71db-3da0-bae1-e9c6b5d7a113','tes60','wdwdw',1,1,NULL,'2021-08-26 20:35:10','2021-08-26 20:35:10',NULL),('932f7321-eea7-35ec-bae5-b7ed8b5fedbe','tes278','wdwdw',1,0,NULL,'2021-08-26 20:35:13','2021-08-26 20:35:13',NULL),('9367be58-dc86-3797-ba68-b788f166f533','tes177','wdwdw',1,1,NULL,'2021-08-26 20:35:12','2021-08-26 20:35:12',NULL),('9372acc6-56df-3a82-9cb0-4c4fb7ba5b89','tes115','wdwdw',1,0,NULL,'2021-08-26 20:35:11','2021-08-26 20:35:11',NULL),('93c2e730-e25a-499d-ba6b-56937e07cb94','qwd','qwdqwd',2,1,'2021-09-14','2021-09-11 11:25:18','2021-09-11 11:25:18',NULL),('93ed8fff-1777-3dfe-82e2-08ea0fa2cee3','tes784','wdwdw',1,0,NULL,'2021-08-26 20:35:21','2021-08-26 20:35:21',NULL),('943f533a-e8e3-3025-902d-ae355f76cbda','tes991','wdwdw',2,0,NULL,'2021-08-26 20:35:25','2021-08-29 05:35:10','2021-08-29 05:35:10'),('9478f251-6a3e-33e1-b9c9-24ca22b97fff','tes31','wdwdw',2,0,NULL,'2021-08-26 20:35:10','2021-08-26 20:35:10',NULL),('94a5356b-54cb-3f37-8882-8cbb9fab8164','tes510','wdwdw',1,1,NULL,'2021-08-26 20:35:17','2021-08-26 20:35:17',NULL),('94b9c46c-c9b6-3835-b852-24c56520d4e7','tes63','wdwdw',1,1,NULL,'2021-08-26 20:35:10','2021-08-26 20:35:10',NULL),('94eaf1a5-d72d-394b-b8b1-9ca8933d2974','tes10','wdwdw',1,1,NULL,'2021-08-26 20:35:09','2021-08-26 20:35:09',NULL),('94fde1c5-11c0-353d-b0a6-7466961b6d6d','tes693','wdwdw',1,1,NULL,'2021-08-26 20:35:20','2021-08-26 20:35:20',NULL),('951e6afd-9b7e-36a8-a001-47db19e95b12','tes437','wdwdw',2,1,NULL,'2021-08-26 20:35:16','2021-08-26 20:35:16',NULL),('95657ecc-2906-30cd-85a0-924d5d11fcb1','tes924','wdwdw',2,1,NULL,'2021-08-26 20:35:24','2021-08-26 20:35:24',NULL),('95876c89-8ef6-3a92-97a2-abf65cedb94e','tes925','wdwdw',2,0,NULL,'2021-08-26 20:35:24','2021-08-26 20:35:24',NULL),('95ebb46e-9ab8-3f73-9154-13e36ba27589','tes918','wdwdw',2,0,NULL,'2021-08-26 20:35:23','2021-08-26 20:35:23',NULL),('962cba52-e4d3-33fb-b923-80f91c95f24c','tes412','wdwdw',2,0,NULL,'2021-08-26 20:35:15','2021-08-26 20:35:15',NULL),('9682c0d3-213e-3ffc-8752-6a6634a83fb0','tes861','wdwdw',2,0,NULL,'2021-08-26 20:35:23','2021-08-26 20:35:23',NULL),('96a087ca-2c9a-318f-b76e-7081596a6a99','tes225','wdwdw',2,0,NULL,'2021-08-26 20:35:13','2021-08-26 20:35:13',NULL),('9723f537-be3a-3fb7-a1ae-24029e2ba7bd','tes326','wdwdw',2,0,NULL,'2021-08-26 20:35:14','2021-08-26 20:35:14',NULL),('9775999b-e8df-3736-8323-180aae449344','tes741','wdwdw',1,0,NULL,'2021-08-26 20:35:21','2021-08-26 20:35:21',NULL),('978b00fb-5ffd-3c87-92b3-bb1dbcdc9331','tes452','wdwdw',1,0,NULL,'2021-08-26 20:35:16','2021-08-26 20:35:16',NULL),('97bc06b7-0e1a-39ec-9eef-ed4d3b8ce0e6','tes414','wdwdw',1,0,NULL,'2021-08-26 20:35:16','2021-08-26 20:35:16',NULL),('97df2fb3-d59b-3176-b9f3-9704cd879bae','tes715','wdwdw',2,0,NULL,'2021-08-26 20:35:20','2021-08-26 20:35:20',NULL),('97e2cccb-3c51-361f-8166-f0b75c438d70','tes846','wdwdw',1,1,NULL,'2021-08-26 20:35:22','2021-08-26 20:35:22',NULL),('98030e2f-fcdb-3c06-b222-d6996087ca61','tes772','wdwdw',2,0,NULL,'2021-08-26 20:35:21','2021-08-26 20:35:21',NULL),('980eeadb-2536-3d4d-98a8-bf8e3deb50d0','tes206','wdwdw',2,0,NULL,'2021-08-26 20:35:12','2021-08-26 20:35:12',NULL),('98356193-2f08-33bb-a556-6eaa9a51e657','tes108','wdwdw',2,1,NULL,'2021-08-26 20:35:11','2021-08-26 20:35:11',NULL),('987b39ea-6a44-3afa-9333-16b50e51ddf4','tes454','wdwdw',2,1,NULL,'2021-08-26 20:35:16','2021-08-26 20:35:16',NULL),('9890a3c5-2100-3ebb-99ca-7ffc619d0e65','tes410','wdwdw',1,0,NULL,'2021-08-26 20:35:15','2021-08-26 20:35:15',NULL),('9891dc82-3d28-3792-90b6-68bc8fb2818d','tes14','wdwdw',2,0,NULL,'2021-08-26 20:35:09','2021-08-26 20:35:09',NULL),('991fda85-cc12-3c2c-9b2c-24363773e355','tes834','wdwdw',2,0,NULL,'2021-08-26 20:35:22','2021-08-26 20:35:22',NULL),('99921edf-10d9-366b-818c-0a0509b09059','tes103','wdwdw',2,1,NULL,'2021-08-26 20:35:11','2021-08-26 20:35:11',NULL),('99a8ff41-c1a9-3885-a646-f152255dc69c','tes727','wdwdw',2,0,NULL,'2021-08-26 20:35:20','2021-08-26 20:35:20',NULL),('99de3d33-c670-3826-8c61-0c13edc26770','tes122','wdwdw',1,1,NULL,'2021-08-26 20:35:11','2021-08-26 20:35:11',NULL),('99ec0254-10e4-3947-9e91-1b4a522ba2d9','tes740','wdwdw',1,1,NULL,'2021-08-26 20:35:21','2021-08-26 20:35:21',NULL),('9a35dba3-7b8b-32b0-927e-fad43d70adb5','tes45','wdwdw',2,0,NULL,'2021-08-26 20:35:10','2021-08-26 20:35:10',NULL),('9a5cb86b-328e-37b9-8e76-f6d46161aabc','tes851','wdwdw',1,0,NULL,'2021-08-26 20:35:22','2021-08-26 20:35:22',NULL),('9a6a412b-f71d-350b-aa9e-98653981d3d4','tes802','wdwdw',2,0,NULL,'2021-08-26 20:35:22','2021-08-26 20:35:22',NULL),('9a8ccd3b-35c7-3958-8aa9-ce91e15f007c','tes732','wdwdw',1,0,NULL,'2021-08-26 20:35:21','2021-08-26 20:35:21',NULL),('9adc2afe-53b8-3aef-b313-207277dd6dfc','tes62','wdwdw',1,1,NULL,'2021-08-26 20:35:10','2021-08-26 20:35:10',NULL),('9b087401-eb55-3302-ab63-ca39781934be','tes198','wdwdw',1,0,NULL,'2021-08-26 20:35:12','2021-08-26 20:35:12',NULL),('9b49a8a3-f4e4-3080-ac7c-55fa955fa36e','tes135','wdwdw',2,0,NULL,'2021-08-26 20:35:11','2021-08-26 20:35:11',NULL),('9b59ea28-28e4-3cd5-9c27-89f52f425c75','tes305','wdwdw',1,1,NULL,'2021-08-26 20:35:14','2021-08-26 20:35:14',NULL),('9b9b6b43-296b-38ba-a0ea-4656b811a612','tes574','wdwdw',2,0,NULL,'2021-08-26 20:35:18','2021-08-26 20:35:18',NULL),('9bb55d4f-2760-31d1-96f4-19813cdc9a57','tes480','wdwdw',1,1,NULL,'2021-08-26 20:35:17','2021-08-26 20:35:17',NULL),('9bca8037-fe6b-3301-97b5-c1dafa76193d','tes792','wdwdw',1,1,NULL,'2021-08-26 20:35:21','2021-08-26 20:35:21',NULL),('9bcf1de0-f61c-38d4-bb2a-a155688b3e7b','tes506','wdwdw',1,1,NULL,'2021-08-26 20:35:17','2021-08-26 20:35:17',NULL),('9c2b19e0-b0f2-3c1b-9eff-cb79f2ad978a','tes836','wdwdw',2,1,NULL,'2021-08-26 20:35:22','2021-08-26 20:35:22',NULL),('9cc4ce59-f93c-37b0-a70f-b3e348788b00','tes438','wdwdw',2,0,NULL,'2021-08-26 20:35:16','2021-08-26 20:35:16',NULL),('9cd40abb-4338-3c20-8ed0-45c3c357ed92','tes483','wdwdw',1,1,NULL,'2021-08-26 20:35:17','2021-08-26 20:35:17',NULL),('9cf70af8-ee68-3820-a5b2-cf00c06a7b40','tes951','wdwdw',2,0,NULL,'2021-08-26 20:35:24','2021-08-26 20:35:24',NULL),('9d08a32d-c7d0-3b58-b4c9-812b4a12cc2e','tes210','wdwdw',2,0,NULL,'2021-08-26 20:35:12','2021-08-26 20:35:12',NULL),('9d46b365-56a8-3bbe-884c-ffea61b9319c','tes900','wdwdw',2,1,NULL,'2021-08-26 20:35:23','2021-08-26 20:35:23',NULL),('9d594bde-6f08-35cb-98f8-6f789295f142','tes535','wdwdw',2,1,NULL,'2021-08-26 20:35:17','2021-08-26 20:35:17',NULL),('9dbcf8c1-f0fd-306e-a1ee-51b36227d121','tes895','wdwdw',2,1,NULL,'2021-08-26 20:35:23','2021-08-26 20:35:23',NULL),('9f0dd97e-25f3-368d-a50b-b7044dd17cc7','tes12','wdwdw',2,0,NULL,'2021-08-26 20:35:09','2021-08-26 20:35:09',NULL),('9f4981b7-9375-39e2-90c8-a4622a383cc6','tes27','wdwdw',1,1,NULL,'2021-08-26 20:35:10','2021-08-26 20:35:10',NULL),('9fabe0e5-dd48-360b-8e1f-6922bf640cda','tes529','wdwdw',2,1,NULL,'2021-08-26 20:35:17','2021-08-26 20:35:17',NULL),('9fd18b62-f70c-3be7-bf1e-ff8e187081d4','tes698','wdwdw',1,1,NULL,'2021-08-26 20:35:20','2021-08-26 20:35:20',NULL),('9fe188a8-84eb-3580-bccc-02ccae862147','tes106','wdwdw',2,0,NULL,'2021-08-26 20:35:11','2021-08-26 20:35:11',NULL),('a013a8c7-96fc-3212-8b79-4aacb219204c','tes602','wdwdw',2,1,NULL,'2021-08-26 20:35:19','2021-08-26 20:35:19',NULL),('a05be5a4-a55c-36a4-8ae3-17c8c3bafdf5','tes927','wdwdw',1,0,NULL,'2021-08-26 20:35:24','2021-08-26 20:35:24',NULL),('a10a2b52-2397-353f-b85f-19e3f0b85542','tes721','wdwdw',2,1,NULL,'2021-08-26 20:35:20','2021-08-26 20:35:20',NULL),('a11d03ac-0d50-36e7-9557-e271f9ec7daf','tes632','wdwdw',1,0,NULL,'2021-08-26 20:35:19','2021-08-26 20:35:19',NULL),('a13b4a08-3637-3cf3-b912-04c01968420d','tes114','wdwdw',2,1,NULL,'2021-08-26 20:35:11','2021-08-26 20:35:11',NULL),('a173c51f-1248-3296-8aa6-de76062de36e','tes245','wdwdw',2,1,NULL,'2021-08-26 20:35:13','2021-08-26 20:35:13',NULL),('a195b5b9-fa2a-3658-a269-22f6f8771578','tes157','wdwdw',1,0,NULL,'2021-08-26 20:35:12','2021-08-26 20:35:12',NULL),('a19e18cf-eadb-3f1b-a3da-00ec3b96bb7c','tes235','wdwdw',2,1,NULL,'2021-08-26 20:35:13','2021-08-26 20:35:13',NULL),('a1adce86-80b9-3e2f-b211-5c19754cd48b','tes401','wdwdw',1,0,NULL,'2021-08-26 20:35:15','2021-08-26 20:35:15',NULL),('a206951f-7b5c-324b-abfd-e342de92687a','tes296','wdwdw',1,0,NULL,'2021-08-26 20:35:14','2021-08-26 20:35:14',NULL),('a212bac2-a58f-3969-9deb-8011c819b27f','tes227','wdwdw',1,1,NULL,'2021-08-26 20:35:13','2021-08-26 20:35:13',NULL),('a23c08e0-afd5-39d0-8ad8-b335874f4e08','tes597','wdwdw',2,1,NULL,'2021-08-26 20:35:18','2021-08-26 20:35:18',NULL),('a2416203-2d66-3c01-a1f8-b7c918a49658','tes649','wdwdw',1,1,NULL,'2021-08-26 20:35:19','2021-08-26 20:35:19',NULL),('a3636fc5-1f79-3752-9a50-f8d18e8622d3','tes409','wdwdw',2,0,NULL,'2021-08-26 20:35:15','2021-08-26 20:35:15',NULL),('a3765583-b8f8-3a7b-87fc-4eaef85be258','tes324','wdwdw',1,0,NULL,'2021-08-26 20:35:14','2021-08-26 20:35:14',NULL),('a3999732-392c-3b10-9819-b947c1e93cdb','tes874','wdwdw',1,0,NULL,'2021-08-26 20:35:23','2021-08-26 20:35:23',NULL),('a444a3d4-a4d0-3ad6-acb5-4ebbf59f15b2','tes321','wdwdw',1,1,NULL,'2021-08-26 20:35:14','2021-08-26 20:35:14',NULL),('a4699351-f009-33d1-9abb-940f0c362717','tes871','wdwdw',2,1,NULL,'2021-08-26 20:35:23','2021-08-26 20:35:23',NULL),('a469d8a8-4a65-3bb4-8dc4-e24f3cbb6d6e','tes967','wdwdw',1,0,NULL,'2021-08-26 20:35:24','2021-08-26 20:35:24',NULL),('a4c1651e-7d07-366a-ba3a-987a28d63950','tes996','wdwdw',2,0,NULL,'2021-08-26 20:35:25','2021-08-29 06:51:56','2021-08-29 06:51:56'),('a4cc3cde-6185-313d-9070-3c5607cc7e6b','tes349','wdwdw',1,1,NULL,'2021-08-26 20:35:15','2021-08-26 20:35:15',NULL),('a53cd101-8678-3ddd-ba1a-8b4f701c1687','tes315','wdwdw',2,0,NULL,'2021-08-26 20:35:14','2021-08-26 20:35:14',NULL),('a55f2f44-ed18-327a-beaf-49ed8d6c2c2c','tes880','wdwdw',1,1,NULL,'2021-08-26 20:35:23','2021-08-26 20:35:23',NULL),('a57b9754-7f71-3296-93c9-eb67c6e8fb3e','tes76','wdwdw',2,1,NULL,'2021-08-26 20:35:10','2021-08-26 20:35:10',NULL),('a5e2cb2d-97ac-3c95-ba39-7698e6b2db19','tes687','wdwdw',1,0,NULL,'2021-08-26 20:35:20','2021-08-26 20:35:20',NULL),('a60f6572-8f0a-3083-8c83-c9240962abb0','tes987','wdwdw',2,1,NULL,'2021-08-26 20:35:24','2021-08-26 20:35:24',NULL),('a640ee3f-9e6a-3006-ab83-bd83723ff4c3','tes985','wdwdw',1,1,NULL,'2021-08-26 20:35:24','2021-08-26 20:35:24',NULL),('a677b990-c41f-346c-83b7-9cf3e95ef732','tes430','wdwdw',1,0,NULL,'2021-08-26 20:35:16','2021-08-26 20:35:16',NULL),('a7058dca-a6b0-3918-b4b9-5601175678de','tes837','wdwdw',1,0,NULL,'2021-08-26 20:35:22','2021-08-26 20:35:22',NULL),('a75b812b-8f7a-3800-b5b7-5ec9d5e1a24c','tes679','wdwdw',2,0,NULL,'2021-08-26 20:35:20','2021-08-26 20:35:20',NULL),('a78325f6-11d8-322b-953c-162f943c4eaa','tes505','wdwdw',2,1,NULL,'2021-08-26 20:35:17','2021-08-26 20:35:17',NULL),('a7883e29-09d0-32f5-aa1d-26f969d06d9c','tes92','wdwdw',1,1,NULL,'2021-08-26 20:35:11','2021-08-26 20:35:11',NULL),('a7eeedec-dfdd-3a7e-b56f-45fe4829e138','tes701','wdwdw',1,1,NULL,'2021-08-26 20:35:20','2021-08-26 20:35:20',NULL),('a80d06ed-da66-41cb-92c6-3f7d9237a2d3','bismillah','dwdwd',2,1,NULL,'2021-08-26 20:36:55','2021-08-26 20:37:16','2021-08-26 20:37:16'),('a859f8de-7a8f-3a1e-83b2-69608d05a0f3','tes429','wdwdw',2,0,NULL,'2021-08-26 20:35:16','2021-08-26 20:35:16',NULL),('a9045a6c-8239-3b03-be46-db76b659ff2b','tes681','wdwdw',2,0,NULL,'2021-08-26 20:35:20','2021-08-26 20:35:20',NULL),('a90e59e5-2dce-3118-ad6c-2d46c88d815a','tes447','wdwdw',1,0,NULL,'2021-08-26 20:35:16','2021-08-26 20:35:16',NULL),('a92dfb15-760f-3f45-9fea-8664b4b613c4','tes42','wdwdw',2,0,NULL,'2021-08-26 20:35:10','2021-08-26 20:35:10',NULL),('a96002a7-cb6f-374a-b928-c1bbfa253364','tes833','wdwdw',2,0,NULL,'2021-08-26 20:35:22','2021-08-26 20:35:22',NULL),('a98f7894-fa1e-3e24-b688-4894635cbebe','tes545','wdwdw',1,1,NULL,'2021-08-26 20:35:18','2021-08-26 20:35:18',NULL),('aa38f0d7-c7af-3bc3-9253-42c9154d5df0','tes559','wdwdw',2,1,NULL,'2021-08-26 20:35:18','2021-08-26 20:35:18',NULL),('aa5d4a75-eec5-33ca-a73e-06c72714ce92','tes892','wdwdw',1,0,NULL,'2021-08-26 20:35:23','2021-08-26 20:35:23',NULL),('aa6d57d0-b3fe-3164-8be6-383829a024d8','tes542','wdwdw',1,1,NULL,'2021-08-26 20:35:18','2021-08-26 20:35:18',NULL),('ab949144-787e-3b4d-8af1-ffd0a578d3f7','tes815','wdwdw',2,0,NULL,'2021-08-26 20:35:22','2021-08-26 20:35:22',NULL),('abc9610d-d811-3525-b639-6cd40ca8d551','tes17','wdwdw',1,1,NULL,'2021-08-26 20:35:09','2021-08-26 20:35:09',NULL),('ac072be0-d094-3c72-a0a8-9c396b44495a','tes933','wdwdw',1,1,NULL,'2021-08-26 20:35:24','2021-08-26 20:35:24',NULL),('ac3840c7-9bf5-3f66-9187-2241f1013010','tes737','wdwdw',2,1,NULL,'2021-08-26 20:35:21','2021-08-26 20:35:21',NULL),('aca24262-c34c-3855-8996-8549fdec624b','tes56','wdwdw',1,0,NULL,'2021-08-26 20:35:10','2021-08-26 20:35:10',NULL),('acf4f878-1d31-362e-9af7-9ab04fdfa462','tes25','wdwdw',1,0,NULL,'2021-08-26 20:35:10','2021-08-26 20:35:10',NULL),('ad59c80f-d77e-360f-8404-54b4cbcf7bff','tes9','wdwdw',2,1,NULL,'2021-08-26 20:35:09','2021-08-26 20:35:09',NULL),('ad5c7704-18af-3444-9879-0cc4a23342ca','tes418','wdwdw',2,0,NULL,'2021-08-26 20:35:16','2021-08-26 20:35:16',NULL),('ad777ad7-d276-3c20-988a-27ceee58a739','tes881','wdwdw',1,0,NULL,'2021-08-26 20:35:23','2021-08-26 20:35:23',NULL),('adf79d97-0963-3554-8e9b-04e79746d45e','tes304','wdwdw',1,0,NULL,'2021-08-26 20:35:14','2021-08-26 20:35:14',NULL),('ae31c54a-5e05-31d1-9df8-e05d86a57ccc','tes15','wdwdw',2,0,NULL,'2021-08-26 20:35:09','2021-08-26 20:35:09',NULL),('ae403217-c207-37d7-9d26-48b00db07bec','tes644','wdwdw',1,0,NULL,'2021-08-26 20:35:19','2021-08-26 20:35:19',NULL),('ae42dd82-0c78-3b80-bb7e-a94dfa87f8c3','tes479','wdwdw',2,1,NULL,'2021-08-26 20:35:17','2021-08-26 20:35:17',NULL),('ae4402b1-87c2-3f0c-8815-028a9a534cfc','tes875','wdwdw',2,0,NULL,'2021-08-26 20:35:23','2021-08-26 20:35:23',NULL),('ae8570c5-c527-3f06-a605-fa00268b9529','tes914','wdwdw',1,1,NULL,'2021-08-26 20:35:23','2021-08-26 20:35:23',NULL),('ae9a1545-c02b-3cb8-950c-371519317071','tes630','wdwdw',2,0,NULL,'2021-08-26 20:35:19','2021-08-26 20:35:19',NULL),('aef4dc6d-1bda-37d2-af9c-b359a5867b4d','tes888','wdwdw',1,1,NULL,'2021-08-26 20:35:23','2021-08-26 20:35:23',NULL),('af91eef3-2699-3343-a3c7-f90f0b469450','tes853','wdwdw',1,1,NULL,'2021-08-26 20:35:22','2021-08-26 20:35:22',NULL),('afcd30e7-45cd-3c00-ba81-0be22fe18357','tes917','wdwdw',1,1,NULL,'2021-08-26 20:35:23','2021-08-26 20:35:23',NULL),('afd0c01c-d0cf-31aa-be25-d012fcb7d7a0','tes570','wdwdw',2,1,NULL,'2021-08-26 20:35:18','2021-08-26 20:35:18',NULL),('afe86ee5-4f6c-358b-b8e5-35e488291b3e','tes761','wdwdw',2,0,NULL,'2021-08-26 20:35:21','2021-08-26 20:35:21',NULL),('afff51e4-a391-3504-a66a-995c24d50689','tes307','wdwdw',1,1,NULL,'2021-08-26 20:35:14','2021-08-26 20:35:14',NULL),('b0239de3-5ac9-36ed-97ea-c5ff1905254c','tes289','wdwdw',1,1,NULL,'2021-08-26 20:35:14','2021-08-26 20:35:14',NULL),('b02be801-b50d-3415-9b3d-3faabe701d50','tes146','wdwdw',1,1,NULL,'2021-08-26 20:35:11','2021-08-26 20:35:11',NULL),('b09f967f-b326-35a5-9835-01616db14f9a','tes614','wdwdw',1,1,NULL,'2021-08-26 20:35:19','2021-08-26 20:35:19',NULL),('b0ec55e0-1bea-3ff8-9ab3-82fb2251ad3f','tes228','wdwdw',2,0,NULL,'2021-08-26 20:35:13','2021-08-26 20:35:13',NULL),('b0f90cbe-dfa6-31e2-93fb-b8dc56450901','tes240','wdwdw',2,0,NULL,'2021-08-26 20:35:13','2021-08-26 20:35:13',NULL),('b119a44a-ec93-3fc6-9d8b-74fec318d27a','tes974','wdwdw',2,0,NULL,'2021-08-26 20:35:24','2021-08-26 20:35:24',NULL),('b16259c0-6b01-3f67-8dd9-19950cc35e58','tes652','wdwdw',2,0,NULL,'2021-08-26 20:35:19','2021-08-26 20:35:19',NULL),('b193fcab-6daf-3235-83bb-1f695d7b3bc5','tes144','wdwdw',2,1,NULL,'2021-08-26 20:35:11','2021-08-26 20:35:11',NULL),('b1db42a2-6b75-3df4-9933-2d2ab9a44ba1','tes164','wdwdw',2,0,NULL,'2021-08-26 20:35:12','2021-08-26 20:35:12',NULL),('b209646a-77ea-3b54-9e80-3ee4c29a0c08','tes949','wdwdw',1,0,NULL,'2021-08-26 20:35:24','2021-08-26 20:35:24',NULL),('b2107e0a-dcd1-317a-9c92-bfab30b7f2d7','tes890','wdwdw',1,1,NULL,'2021-08-26 20:35:23','2021-08-26 20:35:23',NULL),('b250ac87-1a20-3491-aae7-2807e0ab4bb1','tes117','wdwdw',2,1,NULL,'2021-08-26 20:35:11','2021-08-26 20:35:11',NULL),('b27bbe5a-63ef-3f21-ae1a-e41bdb269c06','tes340','wdwdw',1,0,NULL,'2021-08-26 20:35:14','2021-08-26 20:35:14',NULL),('b2d5b512-0220-3f3c-a733-190fdc7544f9','tes932','wdwdw',2,1,NULL,'2021-08-26 20:35:24','2021-08-26 20:35:24',NULL),('b38cb280-fca5-367a-8574-e912c4b351a9','tes528','wdwdw',2,1,NULL,'2021-08-26 20:35:17','2021-08-26 20:35:17',NULL),('b397a43f-79f7-3e97-9bc7-374f034fac27','tes408','wdwdw',1,1,NULL,'2021-08-26 20:35:15','2021-08-26 20:35:15',NULL),('b3c43153-8f87-3b90-82be-08f72c7db0ce','tes346','wdwdw',1,0,NULL,'2021-08-26 20:35:14','2021-08-26 20:35:14',NULL),('b400a4a2-027d-3c6b-ad39-b638601b6257','tes975','wdwdw',2,1,NULL,'2021-08-26 20:35:24','2021-08-26 20:35:24',NULL),('b45ddb39-2ea5-3f66-8aac-5709c229a335','tes477','wdwdw',2,1,NULL,'2021-08-26 20:35:17','2021-08-26 20:35:17',NULL),('b47dccb2-e293-354a-afd9-0ede26708dab','tes277','wdwdw',2,1,NULL,'2021-08-26 20:35:13','2021-08-26 20:35:13',NULL),('b524f78a-07fe-3ecf-896c-33913a874690','tes220','wdwdw',2,1,NULL,'2021-08-26 20:35:13','2021-08-26 20:35:13',NULL),('b57d9c0f-673a-3005-ac46-3f3908cb0cd2','tes735','wdwdw',2,1,NULL,'2021-08-26 20:35:21','2021-08-26 20:35:21',NULL),('b5ef5c45-dab9-30aa-8bcd-22bed08c59f5','tes99','wdwdw',2,0,NULL,'2021-08-26 20:35:11','2021-08-26 20:35:11',NULL),('b6507541-a0ef-3337-9c17-81cd70bd1974','tes723','wdwdw',2,1,NULL,'2021-08-26 20:35:20','2021-08-26 20:35:20',NULL),('b6d3077a-f6fb-311c-b647-f926925c86cc','tes58','wdwdw',2,1,NULL,'2021-08-26 20:35:10','2021-08-26 20:35:10',NULL),('b6ff209e-e2de-3e2b-af3c-1b03f3cf6050','tes638','wdwdw',1,0,NULL,'2021-08-26 20:35:19','2021-08-26 20:35:19',NULL),('b70e242e-0811-35ac-805f-5840f7b39b31','tes79','wdwdw',1,1,NULL,'2021-08-26 20:35:10','2021-08-26 20:35:10',NULL),('b767f774-5c29-371f-a08c-061ac74a2f4c','tes627','wdwdw',1,0,NULL,'2021-08-26 20:35:19','2021-08-26 20:35:19',NULL),('b78ccdb8-0904-3b3b-b63c-48b157fff94a','tes91','wdwdw',2,0,NULL,'2021-08-26 20:35:11','2021-08-26 20:35:11',NULL),('b7a50d98-5e22-3a3b-86eb-68dbfa0a7a36','tes758','wdwdw',1,1,NULL,'2021-08-26 20:35:21','2021-08-26 20:35:21',NULL),('b7d0adcf-8405-3ee4-a065-9888abb1b752','tes259','wdwdw',1,0,NULL,'2021-08-26 20:35:13','2021-08-26 20:35:13',NULL),('b805810a-9ade-319e-8659-40d3a74340b6','tes399','wdwdw',1,0,NULL,'2021-08-26 20:35:15','2021-08-26 20:35:15',NULL),('b80b85ed-172f-326f-b2d4-02345a93e3d6','tes322','wdwdw',1,1,NULL,'2021-08-26 20:35:14','2021-08-26 20:35:14',NULL),('b85553ad-3bdf-34f5-a1a1-3386d52f591f','tes445','wdwdw',1,1,NULL,'2021-08-26 20:35:16','2021-08-26 20:35:16',NULL),('b8620061-31e1-3f73-9cf1-aad3d562fa8f','tes7','wdwdw',1,0,NULL,'2021-08-26 20:35:09','2021-08-26 20:35:09',NULL),('b8b196d2-1e20-3c86-a3f4-feb37ddaf2f8','tes357','wdwdw',2,1,NULL,'2021-08-26 20:35:15','2021-08-26 20:35:15',NULL),('b907a340-b69c-3f20-853f-ed3fc7135192','tes93','wdwdw',1,1,NULL,'2021-08-26 20:35:11','2021-08-26 20:35:11',NULL),('b91e217a-c5aa-34d9-9b83-8305db84e9c0','tes717','wdwdw',1,0,NULL,'2021-08-26 20:35:20','2021-08-26 20:35:20',NULL),('b99c2c02-b54b-3a96-bae2-4ba4f982a0e8','tes811','wdwdw',1,0,NULL,'2021-08-26 20:35:22','2021-08-26 20:35:22',NULL),('b9acb783-f172-3cd3-a2a6-5b72bf89bdd0','tes136','wdwdw',1,1,NULL,'2021-08-26 20:35:11','2021-08-26 20:35:11',NULL),('b9fbc162-d869-3a5d-9314-ca3ffe88a971','tes175','wdwdw',2,0,NULL,'2021-08-26 20:35:12','2021-08-26 20:35:12',NULL),('ba24d3d1-4e05-3e3a-ba79-1847e262c933','tes139','wdwdw',2,0,NULL,'2021-08-26 20:35:11','2021-08-26 20:35:11',NULL),('ba494739-4f6f-3766-8d56-8b9ff418577c','tes942','wdwdw',1,1,NULL,'2021-08-26 20:35:24','2021-08-26 20:35:24',NULL),('ba85a5cf-5566-3d46-a8a5-25e94f0fe2d1','tes385','wdwdw',2,0,NULL,'2021-08-26 20:35:15','2021-08-26 20:35:15',NULL),('bae15364-83ce-357c-bd1d-4f74b69f4c87','tes965','wdwdw',2,1,NULL,'2021-08-26 20:35:24','2021-08-26 20:35:24',NULL),('bb7eb14c-d0e3-31c5-880e-47836040aaba','tes424','wdwdw',1,1,NULL,'2021-08-26 20:35:16','2021-08-26 20:35:16',NULL),('bb8d3b45-2c4b-3489-852b-9adea9cc66be','tes584','wdwdw',2,0,NULL,'2021-08-26 20:35:18','2021-08-26 20:35:18',NULL),('bb9ec8c1-3d3c-315e-82ee-71b488af145b','tes260','wdwdw',2,0,NULL,'2021-08-26 20:35:13','2021-08-26 20:35:13',NULL),('bbcc8c74-bcac-3ceb-9e89-a352ce624f18','tes876','wdwdw',2,0,NULL,'2021-08-26 20:35:23','2021-08-26 20:35:23',NULL),('bc3d610d-1e7f-3299-9dc3-c77e96cf3d4b','tes600','wdwdw',2,1,NULL,'2021-08-26 20:35:18','2021-08-26 20:35:18',NULL),('bc3ef18a-73ca-33b5-9bbd-2774ef171a01','tes109','wdwdw',1,0,NULL,'2021-08-26 20:35:11','2021-08-26 20:35:11',NULL),('bc9c8d90-9427-3f9c-8a09-9e3b566948d7','tes536','wdwdw',2,0,NULL,'2021-08-26 20:35:17','2021-08-26 20:35:17',NULL),('bd2a3710-ff68-3df7-b6d9-1baf34c75af4','tes728','wdwdw',1,1,NULL,'2021-08-26 20:35:20','2021-08-26 20:35:20',NULL),('bdbe70c8-8dbf-3bc0-be3f-4c53dc42d1a1','tes931','wdwdw',1,0,NULL,'2021-08-26 20:35:24','2021-08-26 20:35:24',NULL),('bdea64c1-e954-3472-9e0d-63b692050570','tes398','wdwdw',2,0,NULL,'2021-08-26 20:35:15','2021-08-26 20:35:15',NULL),('be21acc1-767d-3e5c-a750-72ff7936f09e','tes234','wdwdw',1,0,NULL,'2021-08-26 20:35:13','2021-08-26 20:35:13',NULL),('be42a8e4-f3f5-3a75-a220-2e5bcdf1b0c9','tes776','wdwdw',2,1,NULL,'2021-08-26 20:35:21','2021-08-26 20:35:21',NULL),('be769cca-94e4-3c92-9832-0376157f650c','tes168','wdwdw',1,0,NULL,'2021-08-26 20:35:12','2021-08-26 20:35:12',NULL),('bef6264f-e4c2-3881-a076-4ff4ee44b6ce','tes130','wdwdw',1,0,NULL,'2021-08-26 20:35:11','2021-08-26 20:35:11',NULL),('bf5add14-0a58-3017-8b59-472938dddb53','tes120','wdwdw',1,0,NULL,'2021-08-26 20:35:11','2021-08-26 20:35:11',NULL),('bf6972ff-5ad6-3e9b-b690-101fcfbaf3d5','tes623','wdwdw',1,1,NULL,'2021-08-26 20:35:19','2021-08-26 20:35:19',NULL),('bffe019e-bf51-3dbd-8e86-cee025af25c2','tes354','wdwdw',2,0,NULL,'2021-08-26 20:35:15','2021-08-26 20:35:15',NULL),('c0146de5-cdba-30df-b7a1-a2814aaa2860','tes960','wdwdw',2,1,NULL,'2021-08-26 20:35:24','2021-08-26 20:35:24',NULL),('c083480a-a82a-3327-865d-40536ada7b0e','tes783','wdwdw',2,0,NULL,'2021-08-26 20:35:21','2021-08-26 20:35:21',NULL),('c0843a31-42ea-3494-8656-b519df148ed6','tes491','wdwdw',2,0,NULL,'2021-08-26 20:35:17','2021-08-26 20:35:17',NULL),('c0c3dacb-9653-3813-80b6-9098ddac0a3e','tes840','wdwdw',2,0,NULL,'2021-08-26 20:35:22','2021-08-26 20:35:22',NULL),('c0f29f59-5191-3386-b683-3edb86ec1b09','tes959','wdwdw',1,0,NULL,'2021-08-26 20:35:24','2021-08-26 20:35:24',NULL),('c13ecb67-9743-3681-8633-0d9fe1176b9f','tes149','wdwdw',2,1,NULL,'2021-08-26 20:35:12','2021-08-26 20:35:12',NULL),('c1509c66-d199-3d0d-ac90-e92a7d796a34','tes714','wdwdw',2,1,NULL,'2021-08-26 20:35:20','2021-08-26 20:35:20',NULL),('c199baef-7e16-3856-bbda-6687c83d31a6','tes180','wdwdw',1,1,NULL,'2021-08-26 20:35:12','2021-08-26 20:35:12',NULL),('c22addd4-fbb3-3b9b-a867-895e68e7445a','tes350','wdwdw',2,0,NULL,'2021-08-26 20:35:15','2021-08-26 20:35:15',NULL),('c2920085-ed2f-3ec7-b6a9-dd9f310e5e38','tes803','wdwdw',2,0,NULL,'2021-08-26 20:35:22','2021-08-26 20:35:22',NULL),('c296296e-87bc-4f14-a51e-a1d07a5414d3','xx','sssc',2,1,NULL,'2021-08-29 06:52:16','2021-08-29 07:03:17','2021-08-29 07:03:17'),('c2db1d6d-4b34-325a-9fb0-092ca986e3be','tes902','wdwdw',2,0,NULL,'2021-08-26 20:35:23','2021-08-26 20:35:23',NULL),('c3cb1794-834a-3325-9400-f1d784c99cdb','tes69','wdwdw',1,1,NULL,'2021-08-26 20:35:10','2021-08-26 20:35:10',NULL),('c3e3053c-b95b-39dc-bb70-71fad4d6b415','tes915','wdwdw',2,1,NULL,'2021-08-26 20:35:23','2021-08-26 20:35:23',NULL),('c410cb71-4223-3464-a4c7-f4a3a7e73ac1','tes659','wdwdw',2,1,NULL,'2021-08-26 20:35:19','2021-08-26 20:35:19',NULL),('c413817e-b56b-3c69-aff1-743578b44bcd','tes608','wdwdw',2,0,NULL,'2021-08-26 20:35:19','2021-08-26 20:35:19',NULL),('c4fa0db8-55b6-3234-b5b4-a032e6556910','tes527','wdwdw',1,1,NULL,'2021-08-26 20:35:17','2021-08-26 20:35:17',NULL),('c5118fe3-1bbc-3cb9-9b08-22ea54c71a96','tes154','wdwdw',2,0,NULL,'2021-08-26 20:35:12','2021-08-26 20:35:12',NULL),('c55506fc-fc6c-3be3-abc2-7d18c14354f5','tes128','wdwdw',1,0,NULL,'2021-08-26 20:35:11','2021-08-26 20:35:11',NULL),('c5be1033-a9b5-3f27-807c-151709d8582a','tes748','wdwdw',2,0,NULL,'2021-08-26 20:35:21','2021-08-26 20:35:21',NULL),('c5e3bca2-bfcd-3369-9e73-b8929dfc8ec6','tes733','wdwdw',1,1,NULL,'2021-08-26 20:35:21','2021-08-26 20:35:21',NULL),('c601e78f-cf9d-3e1f-90e4-fc299309ecbb','tes780','wdwdw',2,0,NULL,'2021-08-26 20:35:21','2021-08-26 20:35:21',NULL),('c6373256-ed7e-3623-9e6b-a1b2bdb2a801','tes778','wdwdw',1,0,NULL,'2021-08-26 20:35:21','2021-08-26 20:35:21',NULL),('c650c753-1a9b-3b3f-ae51-89523fc26e83','tes272','wdwdw',2,1,NULL,'2021-08-26 20:35:13','2021-08-26 20:35:13',NULL),('c708d276-66a3-30b2-9c07-d27e11accf0d','tes656','wdwdw',1,1,NULL,'2021-08-26 20:35:19','2021-08-26 20:35:19',NULL),('c72e99dd-53ac-365e-b0da-cddd8b1d92ef','tes439','wdwdw',2,1,NULL,'2021-08-26 20:35:16','2021-08-26 20:35:16',NULL),('c734b6d0-7c3f-300f-b218-40bed3b92a0c','tes450','wdwdw',2,0,NULL,'2021-08-26 20:35:16','2021-08-26 20:35:16',NULL),('c7546926-5696-30c1-9b0b-63f2dcf0bc9f','tes791','wdwdw',2,1,NULL,'2021-08-26 20:35:21','2021-08-26 20:35:21',NULL),('c78139f5-d234-344f-943a-77efda98182d','tes355','wdwdw',1,1,NULL,'2021-08-26 20:35:15','2021-08-26 20:35:15',NULL),('c7b897fd-c462-3e1f-82af-07f215390456','tes994','wdwdw',2,1,NULL,'2021-08-26 20:35:25','2021-08-26 20:35:25',NULL),('c7f08dfa-fab3-3a1f-8f78-20f39b564057','tes369','wdwdw',1,1,NULL,'2021-08-26 20:35:15','2021-08-26 20:35:15',NULL),('c832f26e-67d0-352c-bfc6-1c1ef7fba856','tes716','wdwdw',2,1,NULL,'2021-08-26 20:35:20','2021-08-26 20:35:20',NULL),('c85679f2-1817-3bef-b999-35ea15a85abc','tes395','wdwdw',1,0,NULL,'2021-08-26 20:35:15','2021-08-26 20:35:15',NULL),('c868ed5e-89fb-33b0-a999-9ad5dcd32fa3','tes615','wdwdw',2,0,NULL,'2021-08-26 20:35:19','2021-08-26 20:35:19',NULL),('c8a15486-f9a2-366b-9ea3-3eb003a771d8','tes81','wdwdw',1,0,NULL,'2021-08-26 20:35:10','2021-08-26 20:35:10',NULL),('c8e0d9d2-619e-3d78-9093-19968957ceef','tes142','wdwdw',2,0,NULL,'2021-08-26 20:35:11','2021-08-26 20:35:11',NULL),('c8e48689-d0a7-31d1-a53d-55ab3f9c68a3','tes804','wdwdw',1,0,NULL,'2021-08-26 20:35:22','2021-08-26 20:35:22',NULL),('c90c02b1-2e33-38c0-a742-16c2c06ee8b1','tes85','wdwdw',1,1,NULL,'2021-08-26 20:35:11','2021-08-26 20:35:11',NULL),('c916f249-db42-3180-971b-f9981280d63e','tes256','wdwdw',1,1,NULL,'2021-08-26 20:35:13','2021-08-26 20:35:13',NULL),('c91df284-921e-34f7-be12-7e19f86a22fc','tes51','wdwdw',2,1,NULL,'2021-08-26 20:35:10','2021-08-26 20:35:10',NULL),('c99f6cc4-f5d7-3175-8a37-cf2c2b880a7f','tes337','wdwdw',2,1,NULL,'2021-08-26 20:35:14','2021-08-26 20:35:14',NULL),('c9c6290e-82ab-3571-b57a-c988394b1715','tes218','wdwdw',1,0,NULL,'2021-08-26 20:35:13','2021-08-26 20:35:13',NULL),('cb2027ba-6550-388a-93dd-7a386703b51f','tes988','wdwdw',2,0,NULL,'2021-08-26 20:35:24','2021-08-26 20:35:24',NULL),('cb90ca8d-3c14-378e-8f96-487c4e6c9255','tes567','wdwdw',2,1,NULL,'2021-08-26 20:35:18','2021-08-26 20:35:18',NULL),('cc1efb4a-1e33-3e80-81ca-52c0e18540f5','tes756','wdwdw',2,0,NULL,'2021-08-26 20:35:21','2021-08-26 20:35:21',NULL),('cc990d33-b359-394a-a34f-def177cd1855','tes825','wdwdw',2,1,NULL,'2021-08-26 20:35:22','2021-08-26 20:35:22',NULL),('ccc7e5af-d91b-3ae4-b32f-e40739db2af9','tes389','wdwdw',1,0,NULL,'2021-08-26 20:35:15','2021-08-26 20:35:15',NULL),('ccdb244a-0230-30bd-99c2-d1ce57cc09ec','tes980','wdwdw',1,1,NULL,'2021-08-26 20:35:24','2021-08-26 20:35:24',NULL),('ccf4a525-b081-3aa1-89a8-9d735e77e798','tes685','wdwdw',2,1,NULL,'2021-08-26 20:35:20','2021-08-26 20:35:20',NULL),('cdeffb8d-9a6b-3301-a54d-8df35ddf39a5','tes852','wdwdw',2,1,NULL,'2021-08-26 20:35:22','2021-08-26 20:35:22',NULL),('ce1f791f-5f54-3e27-9d72-5329fd672d5a','tes119','wdwdw',2,1,NULL,'2021-08-26 20:35:11','2021-08-26 20:35:11',NULL),('ce2f6403-e905-32bf-a6c6-ca80ba4ce6ba','tes697','wdwdw',2,1,NULL,'2021-08-26 20:35:20','2021-08-26 20:35:20',NULL),('cf583b08-80bf-3a5e-aadc-79fd6b4ddcb5','tes797','wdwdw',2,1,NULL,'2021-08-26 20:35:22','2021-08-26 20:35:22',NULL),('cf6866f5-9c81-3bec-986e-b5bc4e33c5d9','tes455','wdwdw',2,1,NULL,'2021-08-26 20:35:16','2021-08-26 20:35:16',NULL),('d0a48c5c-7fb7-3a6b-9412-95b723a7bb01','tes247','wdwdw',1,0,NULL,'2021-08-26 20:35:13','2021-08-26 20:35:13',NULL),('d138a250-9ca7-3e17-912d-8905af054e9c','tes336','wdwdw',2,1,NULL,'2021-08-26 20:35:14','2021-08-26 20:35:14',NULL),('d1578e13-9f09-392b-af23-2f0d55b73357','tes107','wdwdw',2,0,NULL,'2021-08-26 20:35:11','2021-08-26 20:35:11',NULL),('d16bffd6-8ec6-3ee0-a25a-dcc11b19a04b','tes981','wdwdw',2,1,NULL,'2021-08-26 20:35:24','2021-08-26 20:35:24',NULL),('d2206b84-3534-3dbb-9eac-023cb68a607d','tes948','wdwdw',2,1,NULL,'2021-08-26 20:35:24','2021-08-26 20:35:24',NULL),('d2fe8d24-53a7-30c1-af0d-957d41b3dbb2','tes332','wdwdw',1,0,NULL,'2021-08-26 20:35:14','2021-08-26 20:35:14',NULL),('d3a622c3-b9df-381d-84bd-e7cea9a1f592','tes850','wdwdw',2,1,NULL,'2021-08-26 20:35:22','2021-08-26 20:35:22',NULL),('d3dcbf0c-70e2-38b4-bcc7-a3e3fa7f10f2','tes378','wdwdw',2,0,NULL,'2021-08-26 20:35:15','2021-08-26 20:35:15',NULL),('d45cf796-7f5f-32eb-bc1d-abf3136e70da','tes466','wdwdw',1,0,NULL,'2021-08-26 20:35:16','2021-08-26 20:35:16',NULL),('d4ce8f67-1c6c-3447-97c7-c477c3b603c2','tes434','wdwdw',1,1,NULL,'2021-08-26 20:35:16','2021-08-26 20:35:16',NULL),('d4ee71b1-4405-3846-9859-76a3d8232e50','tes710','wdwdw',1,0,NULL,'2021-08-26 20:35:20','2021-08-26 20:35:20',NULL),('d512f21d-aed4-3504-b1b2-577b8611702b','tes891','wdwdw',1,0,NULL,'2021-08-26 20:35:23','2021-08-26 20:35:23',NULL),('d54b54a5-cdff-372e-8a23-deaad55a75bf','tes243','wdwdw',1,0,NULL,'2021-08-26 20:35:13','2021-08-26 20:35:13',NULL),('d5825569-f093-360c-8615-b7894e5607cf','tes112','wdwdw',2,0,NULL,'2021-08-26 20:35:11','2021-08-26 20:35:11',NULL),('d5a69d41-950f-3016-a9cc-0a6c2c3ea4aa','tes230','wdwdw',1,1,NULL,'2021-08-26 20:35:13','2021-08-26 20:35:13',NULL),('d5c180a6-0265-3a30-ae16-2db4b636edc0','tes172','wdwdw',2,1,NULL,'2021-08-26 20:35:12','2021-08-26 20:35:12',NULL),('d5c3bd23-73f3-3bbe-8d6b-16a7c4780a57','tes596','wdwdw',1,1,NULL,'2021-08-26 20:35:18','2021-08-26 20:35:18',NULL),('d5cbffd3-b4f1-3023-819a-4b07c7567632','tes743','wdwdw',2,0,NULL,'2021-08-26 20:35:21','2021-08-26 20:35:21',NULL),('d5cdfebb-6973-376d-9290-ab3432991b02','tes393','wdwdw',1,0,NULL,'2021-08-26 20:35:15','2021-08-26 20:35:15',NULL),('d6145aea-e134-3da4-98b3-02e9a9d68ed0','tes672','wdwdw',2,1,NULL,'2021-08-26 20:35:20','2021-08-26 20:35:20',NULL),('d615aa9b-4b10-32a4-beec-d2ae8ffb5f69','tes268','wdwdw',1,1,NULL,'2021-08-26 20:35:13','2021-08-26 20:35:13',NULL),('d65db645-4125-3612-9b69-31e6b756cd98','tes359','wdwdw',1,0,NULL,'2021-08-26 20:35:15','2021-08-26 20:35:15',NULL),('d6743294-0310-3144-9b56-756703adc835','tes578','wdwdw',2,1,NULL,'2021-08-26 20:35:18','2021-08-26 20:35:18',NULL),('d6e14c81-abf6-3566-928e-83d847308165','tes774','wdwdw',1,1,NULL,'2021-08-26 20:35:21','2021-08-26 20:35:21',NULL),('d6ef3993-1368-3cb8-9634-781bfa3301d9','tes533','wdwdw',1,1,NULL,'2021-08-26 20:35:17','2021-08-26 20:35:17',NULL),('d765d78f-6b85-39d9-978c-b96151d8c6dd','tes830','wdwdw',1,0,NULL,'2021-08-26 20:35:22','2021-08-26 20:35:22',NULL),('d766b099-77f6-3c36-8f92-b3cb19aac4af','tes908','wdwdw',2,1,NULL,'2021-08-26 20:35:23','2021-08-26 20:35:23',NULL),('d7a95081-4e69-3621-937a-52206e4abded','tes291','wdwdw',2,0,NULL,'2021-08-26 20:35:14','2021-08-26 20:35:14',NULL),('d85b79e1-a5fe-3c06-9bfb-cbc476e14cdf','tes194','wdwdw',2,0,NULL,'2021-08-26 20:35:12','2021-08-26 20:35:12',NULL),('d8a83757-5491-3501-9764-da58acee43de','tes125','wdwdw',1,0,NULL,'2021-08-26 20:35:11','2021-08-26 20:35:11',NULL),('d8c7804b-be36-3936-aedb-10929f1e34fe','tes384','wdwdw',2,1,NULL,'2021-08-26 20:35:15','2021-08-26 20:35:15',NULL),('d8dc82f9-3bff-3756-9a8f-f167294fa195','tes416','wdwdw',1,1,NULL,'2021-08-26 20:35:16','2021-08-26 20:35:16',NULL),('d8ea3e9a-a286-3ead-b1e2-d2924f0bb8cc','tes132','wdwdw',1,0,NULL,'2021-08-26 20:35:11','2021-08-26 20:35:11',NULL),('d90e7601-0efc-3d13-b7b4-dc4e2b5c7a50','tes646','wdwdw',1,0,NULL,'2021-08-26 20:35:19','2021-08-26 20:35:19',NULL),('d9131bd7-9d73-312a-8c5c-f3852d18aa0b','tes993','wdwdw',1,1,NULL,'2021-08-26 20:35:25','2021-08-29 07:03:23','2021-08-29 07:03:23'),('d938636f-3903-3583-8e5a-ebe406ecde3a','tes794','wdwdw',2,1,NULL,'2021-08-26 20:35:21','2021-08-26 20:35:21',NULL),('d94ab5be-2b58-3c79-a46e-c255b28dcc94','tes641','wdwdw',2,1,NULL,'2021-08-26 20:35:19','2021-08-26 20:35:19',NULL),('d955e036-93fd-3d88-8fbf-530eccfa8b6a','tes691','wdwdw',2,0,NULL,'2021-08-26 20:35:20','2021-08-26 20:35:20',NULL),('d9b6eb81-912b-36ae-8cc4-c59296e78c31','tes23','wdwdw',1,0,NULL,'2021-08-26 20:35:09','2021-08-26 20:35:09',NULL),('da078aa8-1061-36e2-ac8a-457a24cb502f','tes137','wdwdw',1,1,NULL,'2021-08-26 20:35:11','2021-08-26 20:35:11',NULL),('da40daaa-d215-3986-a8fa-b64bc15a301f','tes485','wdwdw',1,1,NULL,'2021-08-26 20:35:17','2021-08-26 20:35:17',NULL),('da4a39d9-7d6f-3775-9cff-4f0df5769f5f','tes209','wdwdw',2,1,NULL,'2021-08-26 20:35:12','2021-08-26 20:35:12',NULL),('da4c7d16-cefb-3267-8a40-8b6cd9708961','tes612','wdwdw',2,1,NULL,'2021-08-26 20:35:19','2021-08-26 20:35:19',NULL),('da5fac9d-53b1-3783-85bc-14275592dc02','tes946','wdwdw',2,0,NULL,'2021-08-26 20:35:24','2021-08-26 20:35:24',NULL),('daa3572d-6376-3a87-b76a-91cf76eff056','tes913','wdwdw',1,1,NULL,'2021-08-26 20:35:23','2021-08-26 20:35:23',NULL),('dacb62b0-114a-3123-b9d5-1abcc0c2a05e','tes386','wdwdw',2,1,NULL,'2021-08-26 20:35:15','2021-08-26 20:35:15',NULL),('daf6566a-b21b-3390-9a09-38bbf64eb9d1','tes283','wdwdw',1,1,NULL,'2021-08-26 20:35:14','2021-08-26 20:35:14',NULL),('dafc493f-5802-3598-824c-e3ed9e35eccb','tes517','wdwdw',2,0,NULL,'2021-08-26 20:35:17','2021-08-26 20:35:17',NULL),('db2141ca-5597-3486-b580-21551bd4845d','tes956','wdwdw',2,1,NULL,'2021-08-26 20:35:24','2021-08-26 20:35:24',NULL),('db2685c9-830d-3633-9abb-d4d082ef65af','tes298','wdwdw',1,0,NULL,'2021-08-26 20:35:14','2021-08-26 20:35:14',NULL),('db97856e-91d3-3132-8ab5-d24429561d84','tes819','wdwdw',1,1,NULL,'2021-08-26 20:35:22','2021-08-26 20:35:22',NULL),('dc6001d6-677b-3788-97fd-33d19e00f2a9','tes1','wdwdw',1,0,NULL,'2021-08-26 20:35:09','2021-08-26 20:35:09',NULL),('dc70f4a8-d168-3dc4-a268-e00965b79ab3','tes989','wdwdw',1,1,NULL,'2021-08-26 20:35:24','2021-08-26 20:35:24',NULL),('dcf6ffdd-9f71-3a1f-a9b0-703248d5cd33','tes785','wdwdw',2,0,NULL,'2021-08-26 20:35:21','2021-08-26 20:35:21',NULL),('dd23d283-f9be-3bb8-949f-15e557ac9b98','tes844','wdwdw',2,0,NULL,'2021-08-26 20:35:22','2021-08-26 20:35:22',NULL),('dd5d22f2-d487-38d7-b522-1238bf7c6daa','tes428','wdwdw',1,0,NULL,'2021-08-26 20:35:16','2021-08-26 20:35:16',NULL),('dda87f43-de12-3a83-8825-5196d073973c','tes651','wdwdw',2,0,NULL,'2021-08-26 20:35:19','2021-08-26 20:35:19',NULL),('ddb14cb0-2b3d-3130-88a9-d289032f7d9d','tes59','wdwdw',1,0,NULL,'2021-08-26 20:35:10','2021-08-26 20:35:10',NULL),('ddb9d6dd-4ece-3b33-810f-c94b395323f2','tes845','wdwdw',1,0,NULL,'2021-08-26 20:35:22','2021-08-26 20:35:22',NULL),('de07eab0-6286-3592-ab51-35c9682d2321','tes515','wdwdw',1,1,NULL,'2021-08-26 20:35:17','2021-08-26 20:35:17',NULL),('de4d6861-77d5-30d8-95eb-af8dcb0bfb6e','tes44','wdwdw',1,0,NULL,'2021-08-26 20:35:10','2021-08-26 20:35:10',NULL),('deb3d97d-9e38-3362-8c72-73e04f8e743c','tes2','wdwdw',2,1,NULL,'2021-08-26 20:35:09','2021-08-26 20:35:09',NULL),('dec68049-e969-35fb-9a91-86ff6a78f5d0','tes32','wdwdw',1,0,NULL,'2021-08-26 20:35:10','2021-08-26 20:35:10',NULL),('df04ddc9-2eb9-3be1-a374-472206d77b5b','tes301','wdwdw',1,0,NULL,'2021-08-26 20:35:14','2021-08-26 20:35:14',NULL),('df1aa432-5a43-3507-a86f-c059f393ab10','tes812','wdwdw',2,1,NULL,'2021-08-26 20:35:22','2021-08-26 20:35:22',NULL),('df44c774-10e8-3ad2-8559-8d2a912cf57b','tes189','wdwdw',2,1,NULL,'2021-08-26 20:35:12','2021-08-26 20:35:12',NULL),('df4d88c6-c497-3a21-acaa-aeb1f347b406','tes558','wdwdw',1,0,NULL,'2021-08-26 20:35:18','2021-08-26 20:35:18',NULL),('df9bfa9c-9166-302f-858c-0d203c8e45b4','tes98','wdwdw',1,0,NULL,'2021-08-26 20:35:11','2021-08-26 20:35:11',NULL),('dfcad566-a2f8-3439-8736-570e31781e40','tes382','wdwdw',1,1,NULL,'2021-08-26 20:35:15','2021-08-26 20:35:15',NULL),('e00a48fc-3ad4-3ef0-ac93-a150df294925','tes624','wdwdw',1,0,NULL,'2021-08-26 20:35:19','2021-08-26 20:35:19',NULL),('e05a5626-200e-3c0f-ae64-a966c804a4db','tes750','wdwdw',2,1,NULL,'2021-08-26 20:35:21','2021-08-26 20:35:21',NULL),('e066529b-a05e-34f5-aeea-04ef1637e79d','tes95','wdwdw',1,0,NULL,'2021-08-26 20:35:11','2021-08-26 20:35:11',NULL),('e0bf849f-5329-3738-a903-12162da3359b','tes964','wdwdw',1,1,NULL,'2021-08-26 20:35:24','2021-08-26 20:35:24',NULL),('e0f3853c-5eef-3583-8c8a-25f3141c577d','tes939','wdwdw',2,0,NULL,'2021-08-26 20:35:24','2021-08-26 20:35:24',NULL),('e2096545-e42e-3b11-98ff-cfc4336652d9','tes221','wdwdw',2,0,NULL,'2021-08-26 20:35:13','2021-08-26 20:35:13',NULL),('e239c05c-ffde-3c6d-8476-2f5089d839e3','tes818','wdwdw',2,1,NULL,'2021-08-26 20:35:22','2021-08-26 20:35:22',NULL),('e2b33b42-4fd3-3ac4-b0cd-cd2308608c0b','tes33','wdwdw',2,0,NULL,'2021-08-26 20:35:10','2021-08-26 20:35:10',NULL),('e2db85e9-c151-3503-b968-694e82f673b1','tes262','wdwdw',2,1,NULL,'2021-08-26 20:35:13','2021-08-26 20:35:13',NULL),('e2efcb57-043d-33dd-89af-b534bd73981d','tes383','wdwdw',2,0,NULL,'2021-08-26 20:35:15','2021-08-26 20:35:15',NULL),('e3323c72-5950-3e92-8836-6e35fdebae13','tes709','wdwdw',2,0,NULL,'2021-08-26 20:35:20','2021-08-26 20:35:20',NULL),('e3486b80-b00e-3b25-93f5-b695be171cda','tes199','wdwdw',2,1,NULL,'2021-08-26 20:35:12','2021-08-26 20:35:12',NULL),('e3726696-990e-3e44-b4ec-451359b870d7','tes489','wdwdw',2,1,NULL,'2021-08-26 20:35:17','2021-08-26 20:35:17',NULL),('e3e23a99-d4a8-39a4-bd68-36857b3b7d75','tes490','wdwdw',1,1,NULL,'2021-08-26 20:35:17','2021-08-26 20:35:17',NULL),('e50a97da-0be1-30c4-94fe-e43831ff91f0','tes562','wdwdw',2,0,NULL,'2021-08-26 20:35:18','2021-08-26 20:35:18',NULL),('e52b702e-58c3-33ee-b0e6-a4f66e3f912d','tes174','wdwdw',2,0,NULL,'2021-08-26 20:35:12','2021-08-26 20:35:12',NULL),('e53f813f-9c51-366d-8e75-28fe081e9faa','tes197','wdwdw',1,1,NULL,'2021-08-26 20:35:12','2021-08-26 20:35:12',NULL),('e5762c7e-61dd-3b08-a5da-83acc5783d90','tes343','wdwdw',1,0,NULL,'2021-08-26 20:35:14','2021-08-26 20:35:14',NULL),('e589256d-c721-3342-a4c7-77e9fa63b19a','tes286','wdwdw',2,1,NULL,'2021-08-26 20:35:14','2021-08-26 20:35:14',NULL),('e58ff50a-fc4b-3ecd-a4a5-8064b4c4625f','tes300','wdwdw',2,0,NULL,'2021-08-26 20:35:14','2021-08-26 20:35:14',NULL),('e5c8cad3-c06d-3142-8c98-1f5ba4a87cc2','tes257','wdwdw',1,1,NULL,'2021-08-26 20:35:13','2021-08-26 20:35:13',NULL),('e6d31afe-0706-3a3f-a3b2-d65e44a47080','tes309','wdwdw',1,1,NULL,'2021-08-26 20:35:14','2021-08-26 20:35:14',NULL),('e75a1a69-ba78-362e-98ec-d92d8ec81d85','tes983','wdwdw',1,0,NULL,'2021-08-26 20:35:24','2021-08-26 20:35:24',NULL),('e7746495-2495-30d1-a447-dbeca66f2640','tes470','wdwdw',1,0,NULL,'2021-08-26 20:35:16','2021-08-26 20:35:16',NULL),('e77e9f47-3f83-3dc3-9216-64cd7c687d84','tes821','wdwdw',1,0,NULL,'2021-08-26 20:35:22','2021-08-26 20:35:22',NULL),('e78ec697-2fbd-37a5-99e6-f3748d390c8c','tes903','wdwdw',2,1,NULL,'2021-08-26 20:35:23','2021-08-26 20:35:23',NULL),('e801dcf3-71c2-3408-a174-bc4d7074f41f','tes49','wdwdw',2,0,NULL,'2021-08-26 20:35:10','2021-08-26 20:35:10',NULL),('e8166352-8bbb-313a-83f4-81c99237c997','tes725','wdwdw',2,0,NULL,'2021-08-26 20:35:20','2021-08-26 20:35:20',NULL),('e822193d-688d-3dd2-93d9-9e69bb513020','tes661','wdwdw',1,0,NULL,'2021-08-26 20:35:19','2021-08-26 20:35:19',NULL),('e823b2e5-43fb-3cf5-a8a8-d8cf4c424e15','tes67','wdwdw',1,1,NULL,'2021-08-26 20:35:10','2021-08-26 20:35:10',NULL),('e8785d67-20cb-3d2e-9ed2-e242b5d72f45','tes543','wdwdw',1,1,NULL,'2021-08-26 20:35:18','2021-08-26 20:35:18',NULL),('e87e2e12-b6f9-3182-ae97-512d363dd735','tes214','wdwdw',1,0,NULL,'2021-08-26 20:35:13','2021-08-26 20:35:13',NULL),('e8e529ae-777d-39c6-bb3f-bb64d57687c3','tes11','wdwdw',2,0,NULL,'2021-08-26 20:35:09','2021-08-26 20:35:09',NULL),('e8fd143d-aec1-3c74-843e-685933e3bc29','tes356','wdwdw',1,0,NULL,'2021-08-26 20:35:15','2021-08-26 20:35:15',NULL),('e9578f97-843c-3b36-a58c-0ae83ff48d30','tes671','wdwdw',1,0,NULL,'2021-08-26 20:35:20','2021-08-26 20:35:20',NULL),('e95e03f9-9044-37d0-b299-8d64037d0e67','tes841','wdwdw',1,1,NULL,'2021-08-26 20:35:22','2021-08-26 20:35:22',NULL),('e9ddbb42-227d-3baa-b33d-558b2b46b3bd','tes530','wdwdw',1,1,NULL,'2021-08-26 20:35:17','2021-08-26 20:35:17',NULL),('ea4ec0a1-6a82-368b-8529-4fc82cfad350','tes867','wdwdw',2,0,NULL,'2021-08-26 20:35:23','2021-08-26 20:35:23',NULL),('ea73721e-f348-3eb9-b1c5-02c027e676ba','tes575','wdwdw',2,0,NULL,'2021-08-26 20:35:18','2021-08-26 20:35:18',NULL),('ea7b9040-2f99-3f66-a865-c7c2f95700de','tes561','wdwdw',1,0,NULL,'2021-08-26 20:35:18','2021-08-26 20:35:18',NULL),('ea957d08-19df-3e58-8f7b-602371f68a68','tes831','wdwdw',2,0,NULL,'2021-08-26 20:35:22','2021-08-26 20:35:22',NULL),('eab83446-ac76-3823-b5c0-9b35be971255','tes695','wdwdw',2,0,NULL,'2021-08-26 20:35:20','2021-08-26 20:35:20',NULL),('eaca1839-6043-33a1-8d0b-ca0d0e68bfa8','tes997','wdwdw',1,NULL,'2021-10-01','2021-08-26 20:35:25','2021-08-31 19:57:19',NULL),('eb43b0f3-b64b-3a80-8115-a289d8922589','tes745','wdwdw',1,1,NULL,'2021-08-26 20:35:21','2021-08-26 20:35:21',NULL),('eb9ef7eb-3d91-3941-8783-a289299d3e5f','tes703','wdwdw',1,1,NULL,'2021-08-26 20:35:20','2021-08-26 20:35:20',NULL),('eba2c830-2bdf-3ac5-8215-cfd272b74021','tes487','wdwdw',2,0,NULL,'2021-08-26 20:35:17','2021-08-26 20:35:17',NULL),('ebda11e1-7c27-3954-b0a8-2339bd8b60c0','tes5','wdwdw',1,0,NULL,'2021-08-26 20:35:09','2021-08-26 20:35:09',NULL),('ec147610-d95c-3565-8b3f-e1ee9e3973f5','tes196','wdwdw',2,0,NULL,'2021-08-26 20:35:12','2021-08-26 20:35:12',NULL),('ec22d89c-b5c3-332e-b676-844eaa330966','tes224','wdwdw',2,1,NULL,'2021-08-26 20:35:13','2021-08-26 20:35:13',NULL),('ec92babe-05e9-3918-a4fc-85c18f8cbdc2','tes54','wdwdw',2,1,NULL,'2021-08-26 20:35:10','2021-08-26 20:35:10',NULL),('ec954c98-57e3-35af-9b22-f797cde4f5fb','tes0','wdwdw',2,0,NULL,'2021-08-26 20:35:09','2021-08-26 20:35:09',NULL),('ecadd09d-f4b3-34f2-8875-97e393d90bca','tes708','wdwdw',1,1,NULL,'2021-08-26 20:35:20','2021-08-26 20:35:20',NULL),('ecc93f7b-c9b3-358d-a2d0-11215a89c49f','tes75','wdwdw',2,0,NULL,'2021-08-26 20:35:10','2021-08-26 20:35:10',NULL),('ed428630-7a84-30a6-b26a-435dd3863f13','tes639','wdwdw',2,1,NULL,'2021-08-26 20:35:19','2021-08-26 20:35:19',NULL),('ed7169e8-5216-3b64-a3bf-ea94ab98d59f','tes16','wdwdw',2,0,NULL,'2021-08-26 20:35:09','2021-08-26 20:35:09',NULL),('ed7bf7de-6552-35de-9289-ca4e9e46f7e0','tes476','wdwdw',1,1,NULL,'2021-08-26 20:35:17','2021-08-26 20:35:17',NULL),('ed7c8475-da97-33b7-bb3c-fb81e18e37a4','tes696','wdwdw',2,0,NULL,'2021-08-26 20:35:20','2021-08-26 20:35:20',NULL),('edc37a57-9e67-3df7-86e3-4a41f5e5953c','tes572','wdwdw',2,1,NULL,'2021-08-26 20:35:18','2021-08-26 20:35:18',NULL),('edc82dc8-f3ca-460c-ac61-d90d85674ed0','awds','wdwd',2,1,'2021-09-28','2021-08-31 21:19:22','2021-08-31 21:19:22',NULL),('edf41f12-c8f0-37e9-ad44-3e31424bc33f','tes176','wdwdw',1,1,NULL,'2021-08-26 20:35:12','2021-08-26 20:35:12',NULL),('ee0e86b0-e60e-3e68-bc7f-84baaf453e64','tes628','wdwdw',2,1,NULL,'2021-08-26 20:35:19','2021-08-26 20:35:19',NULL),('ee0f978f-f6cf-4e25-b31b-62eb10f8ac63','wefwe','wefwef',2,1,'2021-05-20','2021-08-31 19:35:13','2021-08-31 19:37:34',NULL),('ee58418e-cb48-3cfa-9ceb-ef092d27523e','tes333','wdwdw',1,1,NULL,'2021-08-26 20:35:14','2021-08-26 20:35:14',NULL),('ee807bb3-9e0b-33b2-b633-30e6fb8e0b6f','tes548','wdwdw',2,0,NULL,'2021-08-26 20:35:18','2021-08-26 20:35:18',NULL),('ee8c87f9-2c4d-32cf-922b-42ff1d3727b8','tes889','wdwdw',1,1,NULL,'2021-08-26 20:35:23','2021-08-26 20:35:23',NULL),('eea779b0-f469-3d0f-876e-e34e6f9a5a17','tes893','wdwdw',2,1,NULL,'2021-08-26 20:35:23','2021-08-26 20:35:23',NULL),('eeb91a8c-c3d4-3794-8f3a-2173daa09fd8','tes719','wdwdw',2,1,NULL,'2021-08-26 20:35:20','2021-08-26 20:35:20',NULL),('eec4b77b-c351-32e2-b30a-95ef37966d90','tes497','wdwdw',2,0,NULL,'2021-08-26 20:35:17','2021-08-26 20:35:17',NULL),('eed82f3d-2605-369c-9cbf-c9fbce6f14ec','tes603','wdwdw',1,0,NULL,'2021-08-26 20:35:19','2021-08-26 20:35:19',NULL),('ef060672-d845-32c1-85b4-119bb3474396','tes522','wdwdw',2,1,NULL,'2021-08-26 20:35:17','2021-08-26 20:35:17',NULL),('efb70b1f-9a6d-38a9-8c10-03c13c026f6b','tes519','wdwdw',2,1,NULL,'2021-08-26 20:35:17','2021-08-26 20:35:17',NULL),('f04cc976-1354-3691-819b-03d6a0c8e154','tes391','wdwdw',1,1,NULL,'2021-08-26 20:35:15','2021-08-26 20:35:15',NULL),('f07b586a-ad84-3527-afae-8e927d56d2c9','tes239','wdwdw',1,0,NULL,'2021-08-26 20:35:13','2021-08-26 20:35:13',NULL),('f0a959be-dac4-3af0-b39e-5982358f4e59','tes461','wdwdw',2,0,NULL,'2021-08-26 20:35:16','2021-08-26 20:35:16',NULL),('f0ce47ef-93d0-3b53-a947-12f57476a44f','tes96','wdwdw',2,1,NULL,'2021-08-26 20:35:11','2021-08-26 20:35:11',NULL),('f0e684eb-75c2-39a0-8968-c21d2400d17f','tes22','wdwdw',1,1,NULL,'2021-08-26 20:35:09','2021-08-26 20:35:09',NULL),('f10495e6-d564-31ce-8588-c801fff3845b','tes241','wdwdw',2,1,NULL,'2021-08-26 20:35:13','2021-08-26 20:35:13',NULL),('f1289dcd-6f1d-3aaf-ac4f-b1227cfc584d','tes420','wdwdw',1,0,NULL,'2021-08-26 20:35:16','2021-08-26 20:35:16',NULL),('f137bf5b-797d-3267-a219-a9cf0befc588','tes863','wdwdw',2,1,NULL,'2021-08-26 20:35:23','2021-08-26 20:35:23',NULL),('f18adfa8-5e2f-3f7b-b5dc-a06fcd9539db','tes207','wdwdw',2,1,NULL,'2021-08-26 20:35:12','2021-08-26 20:35:12',NULL),('f1baee3b-dd6d-3b83-bb77-054c36cc438d','tes722','wdwdw',1,0,NULL,'2021-08-26 20:35:20','2021-08-26 20:35:20',NULL),('f1d3aaa7-c564-32cf-bc42-9a41ea3ece53','tes388','wdwdw',1,0,NULL,'2021-08-26 20:35:15','2021-08-26 20:35:15',NULL),('f1ddb8a2-7776-384a-88cb-6a5720707832','tes373','wdwdw',2,1,NULL,'2021-08-26 20:35:15','2021-08-26 20:35:15',NULL),('f23a73f9-1349-3871-af94-e6f2980d717c','tes442','wdwdw',1,0,NULL,'2021-08-26 20:35:16','2021-08-26 20:35:16',NULL),('f23fa271-9a00-3fcb-8b04-60d200222bcb','tes482','wdwdw',2,1,NULL,'2021-08-26 20:35:17','2021-08-26 20:35:17',NULL),('f279d76e-b419-398f-ba22-4babe644ffe0','tes958','wdwdw',1,0,NULL,'2021-08-26 20:35:24','2021-08-26 20:35:24',NULL),('f291fd88-1f28-3806-af93-884736435b54','tes752','wdwdw',2,0,NULL,'2021-08-26 20:35:21','2021-08-26 20:35:21',NULL),('f32befa8-1d3d-3c47-a793-887aa639dd0e','tes546','wdwdw',1,1,NULL,'2021-08-26 20:35:18','2021-08-26 20:35:18',NULL),('f34cb9a1-575b-3e12-9b21-43fbe629177d','tes634','wdwdw',1,1,NULL,'2021-08-26 20:35:19','2021-08-26 20:35:19',NULL),('f34fea4a-e916-3d74-ac6b-e00cea1e5bed','tes730','wdwdw',1,1,NULL,'2021-08-26 20:35:21','2021-08-26 20:35:21',NULL),('f36e4c58-9dd2-3997-b739-da63cc9d3ee3','tes318','wdwdw',2,1,NULL,'2021-08-26 20:35:14','2021-08-26 20:35:14',NULL),('f52839b4-f5ce-3bc8-9017-8979cd848402','tes805','wdwdw',1,1,NULL,'2021-08-26 20:35:22','2021-08-26 20:35:22',NULL),('f535568e-742f-389a-90c3-4984b4115053','tes6','wdwdw',1,0,NULL,'2021-08-26 20:35:09','2021-08-26 20:35:09',NULL),('f5c91d3d-7364-3af3-a51a-4bc78d457d7d','tes394','wdwdw',1,0,NULL,'2021-08-26 20:35:15','2021-08-26 20:35:15',NULL),('f65b5dc2-fae3-3764-a52c-75b968873ff0','tes205','wdwdw',1,0,NULL,'2021-08-26 20:35:12','2021-08-26 20:35:12',NULL),('f697bc82-dc6d-3f62-bcba-be39ac352d11','tes531','wdwdw',1,1,NULL,'2021-08-26 20:35:17','2021-08-26 20:35:17',NULL),('f69cad78-2df1-3915-b107-d860274c96c5','tes754','wdwdw',1,1,NULL,'2021-08-26 20:35:21','2021-08-26 20:35:21',NULL),('f6d56a56-0ee5-3df7-891a-0f481062c7d4','tes884','wdwdw',2,0,NULL,'2021-08-26 20:35:23','2021-08-26 20:35:23',NULL),('f7150c4e-e947-3022-8d1e-a1ed47166d3e','tes598','wdwdw',1,0,NULL,'2021-08-26 20:35:18','2021-08-26 20:35:18',NULL),('f7645ad8-082e-3c00-b9ac-313434fbb289','tes183','wdwdw',2,1,NULL,'2021-08-26 20:35:12','2021-08-26 20:35:12',NULL),('f8316d21-a975-3711-bc3d-c7fef3802a54','tes712','wdwdw',1,1,NULL,'2021-08-26 20:35:20','2021-08-26 20:35:20',NULL),('f84ddff0-bec6-3613-b8f5-ee04ee201bbe','tes718','wdwdw',2,0,NULL,'2021-08-26 20:35:20','2021-08-26 20:35:20',NULL),('f8ab0faf-4412-3d0a-ad3a-d474f01b4dc6','tes857','wdwdw',2,0,NULL,'2021-08-26 20:35:22','2021-08-26 20:35:22',NULL),('f8c7667c-8cb3-3001-a9a5-debee40b0d86','tes689','wdwdw',1,1,NULL,'2021-08-26 20:35:20','2021-08-26 20:35:20',NULL),('f8eedd9e-6797-3502-8a6f-26ab905677fe','tes898','wdwdw',1,1,NULL,'2021-08-26 20:35:23','2021-08-26 20:35:23',NULL),('f910d8d9-46f5-3841-885c-ab34afd7a0c7','tes110','wdwdw',1,1,NULL,'2021-08-26 20:35:11','2021-08-26 20:35:11',NULL),('f91d33be-5bc0-3036-ab37-04b4cfd5c282','tes660','wdwdw',2,1,NULL,'2021-08-26 20:35:19','2021-08-26 20:35:19',NULL),('f928d046-29c9-39ba-827f-0f170ccb2e6d','tes568','wdwdw',1,1,NULL,'2021-08-26 20:35:18','2021-08-26 20:35:18',NULL),('f94ffc3b-a4ed-37c6-a5fa-25e65645844a','tes618','wdwdw',2,0,NULL,'2021-08-26 20:35:19','2021-08-26 20:35:19',NULL),('f95c8d19-43a7-3cec-9de8-e08875c95b02','tes204','wdwdw',2,0,NULL,'2021-08-26 20:35:12','2021-08-26 20:35:12',NULL),('f97ea1eb-cf3a-3394-af42-558c474719af','tes759','wdwdw',1,0,NULL,'2021-08-26 20:35:21','2021-08-26 20:35:21',NULL),('f98c8550-4066-3171-892c-49d02d6fed6e','tes152','wdwdw',1,1,NULL,'2021-08-26 20:35:12','2021-08-26 20:35:12',NULL),('f99500a3-825e-3b50-a8e4-e68a4bf47771','tes478','wdwdw',2,1,NULL,'2021-08-26 20:35:17','2021-08-26 20:35:17',NULL),('f99e7ffd-b0b1-3574-a250-35f74c3f21d1','tes499','wdwdw',1,0,NULL,'2021-08-26 20:35:17','2021-08-26 20:35:17',NULL),('fa29e096-1383-3902-8371-7673aea82285','tes711','wdwdw',2,1,NULL,'2021-08-26 20:35:20','2021-08-26 20:35:20',NULL),('fa2fdc4d-2e6c-34f4-9b70-eff422bc5f02','tes617','wdwdw',1,0,NULL,'2021-08-26 20:35:19','2021-08-26 20:35:19',NULL),('fa9ac34c-df2c-3b67-8b55-20e452b083aa','tes370','wdwdw',2,1,NULL,'2021-08-26 20:35:15','2021-08-26 20:35:15',NULL),('fa9e9957-5c03-3f2b-9dde-94c8682f984b','tes68','wdwdw',2,1,NULL,'2021-08-26 20:35:10','2021-08-26 20:35:10',NULL),('fb2216f8-e66c-31b1-b2a9-64560d56b3b5','tes467','wdwdw',1,0,NULL,'2021-08-26 20:35:16','2021-08-26 20:35:16',NULL),('fb358a71-fce0-3e64-b36e-2c342c0eb519','tes808','wdwdw',1,1,NULL,'2021-08-26 20:35:22','2021-08-26 20:35:22',NULL),('fb3ffe3a-99e7-4d67-bc6f-684a180abc3c','wdw','wdwd',1,1,'2021-09-22','2021-09-11 11:24:48','2021-09-11 11:24:48',NULL),('fc74332f-b895-3758-bafd-1f9a4d5e7772','tes158','wdwdw',2,1,NULL,'2021-08-26 20:35:12','2021-08-26 20:35:12',NULL),('fc7bab0c-458d-32d7-8259-3b7d84917db2','tes87','wdwdw',2,1,NULL,'2021-08-26 20:35:11','2021-08-26 20:35:11',NULL),('fcb38e54-d925-3e54-a1cd-ca2a47eb3610','tes549','wdwdw',1,0,NULL,'2021-08-26 20:35:18','2021-08-26 20:35:18',NULL),('fd2ccbd2-e143-3f12-ada7-6fa5c47b0089','tes344','wdwdw',2,0,NULL,'2021-08-26 20:35:14','2021-08-26 20:35:14',NULL),('fd5cd4ea-bda4-37fd-8c01-283c5e31d21c','tes929','wdwdw',1,0,NULL,'2021-08-26 20:35:24','2021-08-26 20:35:24',NULL),('fdea202c-6c16-330e-b0a0-64d03ebe9d45','tes736','wdwdw',1,0,NULL,'2021-08-26 20:35:21','2021-08-26 20:35:21',NULL),('fe321342-40a7-3f6f-87fa-5b890e4a243f','tes306','wdwdw',2,0,NULL,'2021-08-26 20:35:14','2021-08-26 20:35:14',NULL),('fe8559a4-ded3-3bf1-9b3d-c1793f304bab','tes371','wdwdw',2,0,NULL,'2021-08-26 20:35:15','2021-08-26 20:35:15',NULL),('fead11d0-8847-30a9-b476-f68cc8910aeb','tes481','wdwdw',2,0,NULL,'2021-08-26 20:35:17','2021-08-26 20:35:17',NULL),('ff053576-f75a-35dd-8e02-0493ecf771bf','tes73','wdwdw',1,1,NULL,'2021-08-26 20:35:10','2021-08-26 20:35:10',NULL),('ffe78a64-f1bb-3919-a656-20e01ecb2065','tes82','wdwdw',2,1,NULL,'2021-08-26 20:35:10','2021-08-26 20:35:10',NULL);
/*!40000 ALTER TABLE `book` ENABLE KEYS */;
UNLOCK TABLES;

--
-- Table structure for table `log`
--

DROP TABLE IF EXISTS `log`;
/*!40101 SET @saved_cs_client     = @@character_set_client */;
/*!50503 SET character_set_client = utf8mb4 */;
CREATE TABLE `log` (
  `id_log` int NOT NULL AUTO_INCREMENT,
  `id_user` varchar(36) CHARACTER SET utf8mb4 COLLATE utf8mb4_unicode_ci NOT NULL,
  `aktifitas` varchar(100) DEFAULT NULL,
  `created_at` timestamp NULL DEFAULT NULL,
  `updated_at` timestamp NULL DEFAULT NULL,
  `deleted_at` timestamp NULL DEFAULT NULL,
  PRIMARY KEY (`id_log`),
  KEY `log_FK` (`id_user`),
  CONSTRAINT `log_FK` FOREIGN KEY (`id_user`) REFERENCES `users` (`id_user`)
) ENGINE=InnoDB AUTO_INCREMENT=58 DEFAULT CHARSET=utf8mb4 COLLATE=utf8mb4_0900_ai_ci;
/*!40101 SET character_set_client = @saved_cs_client */;

--
-- Dumping data for table `log`
--

LOCK TABLES `log` WRITE;
/*!40000 ALTER TABLE `log` DISABLE KEYS */;
INSERT INTO `log` VALUES (1,'1','Menambah MenuGrup ID = fe73d568-a426-4753-aa6a-fccec90a6ce0','2021-09-01 00:03:31','2021-09-01 00:03:31',NULL),(2,'1','Menambah MenuGrup ID = 964988a5-a287-42f2-b61b-1caa3055657e','2021-09-01 00:03:45','2021-09-01 00:03:45',NULL),(3,'1','Mengubah MenuGrup ID = fe73d568-a426-4753-aa6a-fccec90a6ce0','2021-09-01 00:03:50','2021-09-01 00:03:50',NULL),(4,'1','Mengubah Book ID = edc82dc8-f3ca-460c-ac61-d90d85674ed0','2021-09-02 21:19:58','2021-09-02 21:19:58',NULL),(5,'1','Menghapus Book ID = 644a735b-269d-30cb-aa75-f3d087ee597b','2021-09-02 21:20:03','2021-09-02 21:20:03',NULL),(6,'1','Menambah Module ID = a543a6d5-71df-43ce-b2d1-80bbe46675ce','2021-09-10 06:56:25','2021-09-10 06:56:25',NULL),(7,'1','Menambah Module ID = 4d55a183-fdd2-4df8-83aa-ea022c2771e0','2021-09-10 07:06:03','2021-09-10 07:06:03',NULL),(8,'1','Menghapus Module ID = 4d55a183-fdd2-4df8-83aa-ea022c2771e0','2021-09-10 07:06:51','2021-09-10 07:06:51',NULL),(9,'1','Menambah Module ID = f62dc9b9-9663-44b5-b8f1-84d171a22633','2021-09-10 07:06:56','2021-09-10 07:06:56',NULL),(10,'1','Menghapus Module ID = f62dc9b9-9663-44b5-b8f1-84d171a22633','2021-09-10 07:07:00','2021-09-10 07:07:00',NULL),(11,'1','Menambah Module ID = 03e9c167-7b6e-455f-9415-ff9ec4d7b017','2021-09-10 07:09:09','2021-09-10 07:09:09',NULL),(12,'1','Mengubah Module ID = 03e9c167-7b6e-455f-9415-ff9ec4d7b017','2021-09-10 07:10:45','2021-09-10 07:10:45',NULL),(13,'1','Mengubah Module ID = 03e9c167-7b6e-455f-9415-ff9ec4d7b017','2021-09-10 07:10:53','2021-09-10 07:10:53',NULL),(14,'1','Menambah Module ID = f9c038ec-3792-427c-a3c7-65ea911c5af8','2021-09-10 07:25:36','2021-09-10 07:25:36',NULL),(15,'1','Menambah Module ID = 60f45852-0030-435e-957c-25aff1a20cac','2021-09-10 07:27:05','2021-09-10 07:27:05',NULL),(16,'1','Menghapus Module ID = f9c038ec-3792-427c-a3c7-65ea911c5af8','2021-09-10 07:30:58','2021-09-10 07:30:58',NULL),(17,'1','Menghapus Module ID = 60f45852-0030-435e-957c-25aff1a20cac','2021-09-10 07:31:03','2021-09-10 07:31:03',NULL),(18,'1','Menghapus Module ID = 03e9c167-7b6e-455f-9415-ff9ec4d7b017','2021-09-10 07:31:12','2021-09-10 07:31:12',NULL),(19,'1','Mengubah Module ID = 474d9d4c-e803-4725-a0d1-e26bf6bc05ec','2021-09-10 07:32:03','2021-09-10 07:32:03',NULL),(20,'1','Menambah MenuGrup ID = 83258632-3d71-4478-aa64-b1bf62345770','2021-09-10 07:32:49','2021-09-10 07:32:49',NULL),(21,'1','Mengubah Module ID = 474d9d4c-e803-4725-a0d1-e26bf6bc05ec','2021-09-10 07:34:46','2021-09-10 07:34:46',NULL),(22,'1','Mengubah Module ID = 3be55c7b-e194-4691-95e1-450964f05678','2021-09-10 07:35:00','2021-09-10 07:35:00',NULL),(23,'1','Menambah Module ID = 68a7a54b-5e3f-4569-aee4-89ab0d5c3ddb','2021-09-10 07:38:30','2021-09-10 07:38:30',NULL),(24,'1','Menghapus Module ID = 1563e47d-c506-4073-ae61-55922f7b3d78','2021-09-10 07:38:48','2021-09-10 07:38:48',NULL),(25,'1','Menambah Module ID = 9eb6f7cf-7914-40ab-8f7f-7c55945d858b','2021-09-10 07:41:21','2021-09-10 07:41:21',NULL),(26,'1','Menambah Module ID = a070d1b1-2f31-4de7-a2a2-b4f7d1a62b2c','2021-09-10 08:03:28','2021-09-10 08:03:28',NULL),(27,'1','Menghapus Users ID = 2','2021-09-11 09:17:41','2021-09-11 09:17:41',NULL),(28,'1','Menghapus Users ID = 3','2021-09-11 09:17:44','2021-09-11 09:17:44',NULL),(29,'1','Menghapus Users ID = 4','2021-09-11 09:17:47','2021-09-11 09:17:47',NULL),(30,'1','Menghapus Users ID = 5','2021-09-11 09:17:49','2021-09-11 09:17:49',NULL),(31,'1','Menghapus Users ID = 6','2021-09-11 09:17:52','2021-09-11 09:17:52',NULL),(32,'1','Menambah Users ID = 6b5be2f0-00f1-4b5f-b3ed-024065722034','2021-09-11 10:13:42','2021-09-11 10:13:42',NULL),(33,'1','Menghapus Users ID = 6b5be2f0-00f1-4b5f-b3ed-024065722034','2021-09-11 10:13:47','2021-09-11 10:13:47',NULL),(34,'1','Menghapus Users ID = 6abb8a59-6f44-4773-b50a-fe7e86ab3ac7','2021-09-11 10:20:17','2021-09-11 10:20:17',NULL),(35,'1','Menambah Users ID = c8c549d2-dbd8-4225-a527-7e1e930c35f3','2021-09-11 10:26:09','2021-09-11 10:26:09',NULL),(36,'1','Menghapus Users ID = 061aedf8-5737-4a1d-a6ab-31324f80fb94','2021-09-11 10:26:15','2021-09-11 10:26:15',NULL),(37,'1','Menghapus Users ID = 7b6db6ec-a742-423b-b138-8d6c1b2cfe58','2021-09-11 10:26:18','2021-09-11 10:26:18',NULL),(38,'1','Menghapus Users ID = c8c549d2-dbd8-4225-a527-7e1e930c35f3','2021-09-11 10:26:23','2021-09-11 10:26:23',NULL),(39,'1','Menambah Users ID = d762b9e0-891e-46a4-b86a-7d86550489f6','2021-09-11 10:26:34','2021-09-11 10:26:34',NULL),(40,'1','Mengubah Users ID = d762b9e0-891e-46a4-b86a-7d86550489f6','2021-09-11 11:08:01','2021-09-11 11:08:01',NULL),(41,'1','Mengubah Users ID = d762b9e0-891e-46a4-b86a-7d86550489f6','2021-09-11 11:08:11','2021-09-11 11:08:11',NULL),(42,'1','Mengubah Users ID = d762b9e0-891e-46a4-b86a-7d86550489f6','2021-09-11 11:09:39','2021-09-11 11:09:39',NULL),(43,'1','Mengubah Users ID = d762b9e0-891e-46a4-b86a-7d86550489f6','2021-09-11 11:09:45','2021-09-11 11:09:45',NULL),(44,'1','Menghapus Users ID = d762b9e0-891e-46a4-b86a-7d86550489f6','2021-09-11 11:09:55','2021-09-11 11:09:55',NULL),(45,'1','Menambah Users ID = 3069bd28-7104-42e3-957f-65e8534e2fd7','2021-09-11 11:10:15','2021-09-11 11:10:15',NULL),(49,'3069bd28-7104-42e3-957f-65e8534e2fd7','Menambah Book ID = 31428d50-5250-416d-9181-074c434123d9','2021-09-11 18:15:45','2021-09-11 18:15:45',NULL),(50,'3069bd28-7104-42e3-957f-65e8534e2fd7','Menghapus Module ID = d3d5f2d9-2e57-480f-85c2-287b4fc05c59','2021-09-11 18:15:57','2021-09-11 18:15:57',NULL),(51,'3069bd28-7104-42e3-957f-65e8534e2fd7','Menghapus Module ID = 7346e8d7-d59c-4f32-925c-c55ed506f622','2021-09-11 18:16:04','2021-09-11 18:16:04',NULL),(52,'3069bd28-7104-42e3-957f-65e8534e2fd7','Menambah Module ID = 55e4e45a-1e63-429b-b2a1-f06ef4edbfac','2021-09-11 18:16:22','2021-09-11 18:16:22',NULL),(53,'3069bd28-7104-42e3-957f-65e8534e2fd7','Menambah Module ID = f4e73593-0eae-4d81-ab44-9d2e9ad5e96e','2021-09-11 18:17:13','2021-09-11 18:17:13',NULL),(54,'3069bd28-7104-42e3-957f-65e8534e2fd7','Menghapus Module ID = 9eb6f7cf-7914-40ab-8f7f-7c55945d858b','2021-09-11 18:17:48','2021-09-11 18:17:48',NULL),(55,'3069bd28-7104-42e3-957f-65e8534e2fd7','Menghapus Module ID = 3e469998-af47-4b9d-88f9-463cada7406a','2021-09-11 18:21:03','2021-09-11 18:21:03',NULL),(56,'3069bd28-7104-42e3-957f-65e8534e2fd7','Menambah Module ID = 0064bd20-0239-4380-a7c6-4c94e137b94d','2021-09-11 18:22:29','2021-09-11 18:22:29',NULL),(57,'3069bd28-7104-42e3-957f-65e8534e2fd7','Mengubah MenuGrup ID = fe73d568-a426-4753-aa6a-fccec90a6ce0','2021-09-11 18:35:15','2021-09-11 18:35:15',NULL);
/*!40000 ALTER TABLE `log` ENABLE KEYS */;
UNLOCK TABLES;

--
-- Table structure for table `menu_grup`
--

DROP TABLE IF EXISTS `menu_grup`;
/*!40101 SET @saved_cs_client     = @@character_set_client */;
/*!50503 SET character_set_client = utf8mb4 */;
CREATE TABLE `menu_grup` (
  `id_menu_grup` varchar(36) NOT NULL,
  `nm_menu_grup` varchar(100) DEFAULT NULL,
  `icon` varchar(50) DEFAULT NULL,
  `urutan` int DEFAULT NULL,
  `created_at` timestamp NULL DEFAULT NULL,
  `updated_at` timestamp NULL DEFAULT NULL,
  `deleted_at` timestamp NULL DEFAULT NULL,
  PRIMARY KEY (`id_menu_grup`)
) ENGINE=InnoDB DEFAULT CHARSET=utf8mb4 COLLATE=utf8mb4_0900_ai_ci;
/*!40101 SET character_set_client = @saved_cs_client */;

--
-- Dumping data for table `menu_grup`
--

LOCK TABLES `menu_grup` WRITE;
/*!40000 ALTER TABLE `menu_grup` DISABLE KEYS */;
INSERT INTO `menu_grup` VALUES ('0ee195cf-24b1-4a57-83fb-4addaebec367','Menu Utama','fa fa-dashboard',1,'2021-08-26 20:56:14','2021-08-26 20:56:14',NULL),('83258632-3d71-4478-aa64-b1bf62345770','Pengaturan','fa fa-folder',3,'2021-09-10 07:32:48','2021-09-10 07:32:48',NULL),('964988a5-a287-42f2-b61b-1caa3055657e','Data Utama','fa fa-folder',2,'2021-09-01 00:03:45','2021-09-01 00:03:45',NULL),('fe73d568-a426-4753-aa6a-fccec90a6ce0','Data Referensi','fa fa-folder',4,'2021-09-01 00:03:31','2021-09-11 18:35:15',NULL);
/*!40000 ALTER TABLE `menu_grup` ENABLE KEYS */;
UNLOCK TABLES;

--
-- Table structure for table `migrations`
--

DROP TABLE IF EXISTS `migrations`;
/*!40101 SET @saved_cs_client     = @@character_set_client */;
/*!50503 SET character_set_client = utf8mb4 */;
CREATE TABLE `migrations` (
  `id` int unsigned NOT NULL AUTO_INCREMENT,
  `migration` varchar(255) COLLATE utf8mb4_unicode_ci NOT NULL,
  `batch` int NOT NULL,
  PRIMARY KEY (`id`)
) ENGINE=InnoDB AUTO_INCREMENT=6 DEFAULT CHARSET=utf8mb4 COLLATE=utf8mb4_unicode_ci;
/*!40101 SET character_set_client = @saved_cs_client */;

--
-- Dumping data for table `migrations`
--

LOCK TABLES `migrations` WRITE;
/*!40000 ALTER TABLE `migrations` DISABLE KEYS */;
INSERT INTO `migrations` VALUES (1,'2019_03_05_000000_create_accounts_table',1),(2,'2019_03_05_000000_create_contacts_table',1),(3,'2019_03_05_000000_create_organizations_table',1),(4,'2019_03_05_000000_create_password_resets_table',1),(5,'2019_03_05_000000_create_users_table',1);
/*!40000 ALTER TABLE `migrations` ENABLE KEYS */;
UNLOCK TABLES;

--
-- Table structure for table `module`
--

DROP TABLE IF EXISTS `module`;
/*!40101 SET @saved_cs_client     = @@character_set_client */;
/*!50503 SET character_set_client = utf8mb4 */;
CREATE TABLE `module` (
  `id_module` varchar(36) NOT NULL,
  `name` varchar(50) DEFAULT NULL,
  `icon` varchar(50) DEFAULT NULL,
  `slug` varchar(50) DEFAULT NULL,
  `is_show` tinyint DEFAULT NULL,
  `id_menu_grup` varchar(36) DEFAULT NULL,
  `urutan` int DEFAULT '0',
  `parent_id` varchar(36) CHARACTER SET utf8mb4 COLLATE utf8mb4_0900_ai_ci DEFAULT '0',
  `created_at` timestamp NULL DEFAULT NULL,
  `updated_at` timestamp NULL DEFAULT NULL,
  `deleted_at` timestamp NULL DEFAULT NULL,
  PRIMARY KEY (`id_module`),
  KEY `module_FK` (`id_menu_grup`),
  CONSTRAINT `module_FK` FOREIGN KEY (`id_menu_grup`) REFERENCES `menu_grup` (`id_menu_grup`)
) ENGINE=InnoDB DEFAULT CHARSET=utf8mb4 COLLATE=utf8mb4_0900_ai_ci;
/*!40101 SET character_set_client = @saved_cs_client */;

--
-- Dumping data for table `module`
--

LOCK TABLES `module` WRITE;
/*!40000 ALTER TABLE `module` DISABLE KEYS */;
INSERT INTO `module` VALUES ('0064bd20-0239-4380-a7c6-4c94e137b94d','Log','fa fa-history','log',1,'0ee195cf-24b1-4a57-83fb-4addaebec367',99,'0','2021-09-11 18:22:29','2021-09-11 18:22:29',NULL),('03e9c167-7b6e-455f-9415-ff9ec4d7b017','02020','fa fa-users','qwdqwd',1,'0ee195cf-24b1-4a57-83fb-4addaebec367',1,'0','2021-09-10 07:09:09','2021-09-10 07:31:12','2021-09-10 07:31:12'),('1563e47d-c506-4073-ae61-55922f7b3d78','Users','fa fa-angle-right','users',1,'0ee195cf-24b1-4a57-83fb-4addaebec367',8,'0','2021-08-31 23:55:00','2021-09-10 07:38:48','2021-09-10 07:38:48'),('3be55c7b-e194-4691-95e1-450964f05678','Menu','fa fa-bars','module',1,'83258632-3d71-4478-aa64-b1bf62345770',2,'0','2021-08-31 23:55:00','2021-09-10 07:35:00',NULL),('3e469998-af47-4b9d-88f9-463cada7206a','Dashboard','fa fa-tachometer-alt','dashboard',1,'0ee195cf-24b1-4a57-83fb-4addaebec367',0,'0','2021-08-26 21:24:42','2021-08-26 21:24:42',NULL),('3e469998-af47-4b9d-88f9-463cada7406a','Book','fa fa-folder','book',1,'0ee195cf-24b1-4a57-83fb-4addaebec367',1,'0','2021-08-26 21:24:42','2021-09-11 18:21:03','2021-09-11 18:21:03'),('3e469998-af47-4b9d-88f9-463cada7407a','Book','fa fa-folder','book',1,'0ee195cf-24b1-4a57-83fb-4addaebec367',1,'3e469998-af47-4b9d-88f9-463cada7406a','2021-08-26 21:24:42','2021-08-26 21:24:42',NULL),('474d9d4c-e803-4725-a0d1-e26bf6bc05ec','Menu Grup','fa fa-cog','menu-grup',1,'83258632-3d71-4478-aa64-b1bf62345770',1,'0','2021-08-31 23:55:00','2021-09-10 07:34:46',NULL),('4d55a183-fdd2-4df8-83aa-ea022c2771e0','wqdw','wqd','dwqd',1,'964988a5-a287-42f2-b61b-1caa3055657e',0,'0','2021-09-10 07:06:03','2021-09-10 07:06:51','2021-09-10 07:06:51'),('55e4e45a-1e63-429b-b2a1-f06ef4edbfac','User','fa fa-folder','users',1,'0ee195cf-24b1-4a57-83fb-4addaebec367',1,'68a7a54b-5e3f-4569-aee4-89ab0d5c3ddb','2021-09-11 18:16:22','2021-09-11 18:16:22',NULL),('60f45852-0030-435e-957c-25aff1a20cac','wqewqe','wqew','wqeqw',1,'964988a5-a287-42f2-b61b-1caa3055657e',2,'03e9c167-7b6e-455f-9415-ff9ec4d7b017','2021-09-10 07:27:05','2021-09-10 07:31:03','2021-09-10 07:31:03'),('68a7a54b-5e3f-4569-aee4-89ab0d5c3ddb','Users','fa fa-users','users',1,'0ee195cf-24b1-4a57-83fb-4addaebec367',9,'0','2021-09-10 07:38:30','2021-09-10 07:38:30',NULL),('7346e8d7-d59c-4f32-925c-c55ed506f622','User','fa fa-folder','users',1,'0ee195cf-24b1-4a57-83fb-4addaebec367',1,'68a7a54b-5e3f-4569-aee4-89ab0d5c3ddb','2021-09-11 11:14:43','2021-09-11 18:16:04','2021-09-11 18:16:04'),('9eb6f7cf-7914-40ab-8f7f-7c55945d858b','Role','fa fa-folder','role',1,'0ee195cf-24b1-4a57-83fb-4addaebec367',2,'0','2021-09-10 07:41:21','2021-09-11 18:17:48','2021-09-11 18:17:48'),('a070d1b1-2f31-4de7-a2a2-b4f7d1a62b2c','Role Privilege','fa fa-folder','role-privilege',0,'0ee195cf-24b1-4a57-83fb-4addaebec367',3,'0','2021-09-10 08:03:28','2021-09-10 08:03:28',NULL),('d3d5f2d9-2e57-480f-85c2-287b4fc05c59','User','fa fa-folder','users',1,'0ee195cf-24b1-4a57-83fb-4addaebec367',1,'68a7a54b-5e3f-4569-aee4-89ab0d5c3ddb','2021-09-11 11:11:33','2021-09-11 18:15:57','2021-09-11 18:15:57'),('f4e73593-0eae-4d81-ab44-9d2e9ad5e96e','Role','fa fa-folder','role',1,'0ee195cf-24b1-4a57-83fb-4addaebec367',2,'68a7a54b-5e3f-4569-aee4-89ab0d5c3ddb','2021-09-11 18:17:13','2021-09-11 18:17:13',NULL),('f9c038ec-3792-427c-a3c7-65ea911c5af8','asasa','wqew','wqewq',0,'964988a5-a287-42f2-b61b-1caa3055657e',2,'03e9c167-7b6e-455f-9415-ff9ec4d7b017','2021-09-10 07:25:36','2021-09-10 07:30:58','2021-09-10 07:30:58');
/*!40000 ALTER TABLE `module` ENABLE KEYS */;
UNLOCK TABLES;

--
-- Table structure for table `password_resets`
--

DROP TABLE IF EXISTS `password_resets`;
/*!40101 SET @saved_cs_client     = @@character_set_client */;
/*!50503 SET character_set_client = utf8mb4 */;
CREATE TABLE `password_resets` (
  `email` varchar(255) COLLATE utf8mb4_unicode_ci NOT NULL,
  `token` varchar(255) COLLATE utf8mb4_unicode_ci NOT NULL,
  `created_at` timestamp NULL DEFAULT NULL,
  KEY `password_resets_email_index` (`email`)
) ENGINE=InnoDB DEFAULT CHARSET=utf8mb4 COLLATE=utf8mb4_unicode_ci;
/*!40101 SET character_set_client = @saved_cs_client */;

--
-- Dumping data for table `password_resets`
--

LOCK TABLES `password_resets` WRITE;
/*!40000 ALTER TABLE `password_resets` DISABLE KEYS */;
/*!40000 ALTER TABLE `password_resets` ENABLE KEYS */;
UNLOCK TABLES;

--
-- Table structure for table `role`
--

DROP TABLE IF EXISTS `role`;
/*!40101 SET @saved_cs_client     = @@character_set_client */;
/*!50503 SET character_set_client = utf8mb4 */;
CREATE TABLE `role` (
  `id_role` varchar(36) NOT NULL,
  `role_name` varchar(50) DEFAULT NULL,
  `role_slug` varchar(50) DEFAULT NULL,
  `created_at` timestamp NULL DEFAULT NULL,
  `updated_at` timestamp NULL DEFAULT NULL,
  `deleted_at` timestamp NULL DEFAULT NULL,
  PRIMARY KEY (`id_role`)
) ENGINE=InnoDB DEFAULT CHARSET=utf8mb4 COLLATE=utf8mb4_0900_ai_ci;
/*!40101 SET character_set_client = @saved_cs_client */;

--
-- Dumping data for table `role`
--

LOCK TABLES `role` WRITE;
/*!40000 ALTER TABLE `role` DISABLE KEYS */;
INSERT INTO `role` VALUES ('2ab93bfc-bbad-306b-b82c-ef4c397b6610','Admin','admin','2021-08-26 21:36:09','2021-08-26 21:36:09',NULL),('4dd35b56-cf8b-334f-a497-287ec47bdc04','Superadmin','superadmin','2021-08-26 21:36:09','2021-08-26 21:36:09',NULL);
/*!40000 ALTER TABLE `role` ENABLE KEYS */;
UNLOCK TABLES;

--
-- Table structure for table `role_privilege`
--

DROP TABLE IF EXISTS `role_privilege`;
/*!40101 SET @saved_cs_client     = @@character_set_client */;
/*!50503 SET character_set_client = utf8mb4 */;
CREATE TABLE `role_privilege` (
  `id_role_privilege` varchar(36) NOT NULL,
  `id_role` varchar(36) DEFAULT NULL,
  `id_module` varchar(36) DEFAULT NULL,
  `can_create` tinyint DEFAULT NULL,
  `can_read` tinyint DEFAULT NULL,
  `can_update` tinyint DEFAULT NULL,
  `can_delete` tinyint DEFAULT NULL,
  `can_validate` tinyint DEFAULT NULL,
  `created_at` timestamp NULL DEFAULT NULL,
  `updated_at` timestamp NULL DEFAULT NULL,
  `deleted_at` timestamp NULL DEFAULT NULL,
  PRIMARY KEY (`id_role_privilege`),
  KEY `role_privilege_FK` (`id_role`),
  KEY `role_privilege_FK_1` (`id_module`),
  CONSTRAINT `role_privilege_FK` FOREIGN KEY (`id_role`) REFERENCES `role` (`id_role`),
  CONSTRAINT `role_privilege_FK_1` FOREIGN KEY (`id_module`) REFERENCES `module` (`id_module`)
) ENGINE=InnoDB DEFAULT CHARSET=utf8mb4 COLLATE=utf8mb4_0900_ai_ci;
/*!40101 SET character_set_client = @saved_cs_client */;

--
-- Dumping data for table `role_privilege`
--

LOCK TABLES `role_privilege` WRITE;
/*!40000 ALTER TABLE `role_privilege` DISABLE KEYS */;
INSERT INTO `role_privilege` VALUES ('03355bcf-be0a-489e-915b-3d5136b80c61','4dd35b56-cf8b-334f-a497-287ec47bdc04','68a7a54b-5e3f-4569-aee4-89ab0d5c3ddb',1,1,1,1,NULL,'2021-09-11 08:40:18','2021-09-11 08:40:35',NULL),('7615bd93-bb48-449e-9fa1-efcfe1250c0a','4dd35b56-cf8b-334f-a497-287ec47bdc04','f4e73593-0eae-4d81-ab44-9d2e9ad5e96e',1,1,1,1,NULL,'2021-09-11 18:17:23','2021-09-11 18:17:27',NULL),('8a40328c-4fc6-435c-9c96-b393bc369bd9','4dd35b56-cf8b-334f-a497-287ec47bdc04','0064bd20-0239-4380-a7c6-4c94e137b94d',1,1,1,1,NULL,'2021-09-11 18:22:38','2021-09-11 18:22:40',NULL),('e24a61ea-cwec-3448-a7fd-0733badm384d','4dd35b56-cf8b-334f-a497-287ec47bdc04','9eb6f7cf-7914-40ab-8f7f-7c55945d858b',1,1,1,1,0,'2021-08-26 21:36:09','2021-08-26 21:36:09',NULL),('e24a61ea-cwec-3448-a7fd-0735badm384d','4dd35b56-cf8b-334f-a497-287ec47bdc04','a070d1b1-2f31-4de7-a2a2-b4f7d1a62b2c',1,1,1,1,0,'2021-08-26 21:36:09','2021-08-26 21:36:09',NULL),('e24a65ea-caec-3448-a7fd-0733bada384d','4dd35b56-cf8b-334f-a497-287ec47bdc04','3e469998-af47-4b9d-88f9-463cada7206a',1,1,1,1,0,'2021-08-26 21:36:09','2021-08-26 21:36:09',NULL),('e24a65ea-caec-3448-a7fd-0733badm384d','4dd35b56-cf8b-334f-a497-287ec47bdc04','474d9d4c-e803-4725-a0d1-e26bf6bc05ec',1,1,1,1,0,'2021-08-26 21:36:09','2021-08-26 21:36:09',NULL),('e24a65ea-caec-3448-a7fd-0733badt384d','4dd35b56-cf8b-334f-a497-287ec47bdc04','3e469998-af47-4b9d-88f9-463cada7407a',1,1,1,1,0,'2021-08-26 21:36:09','2021-08-26 21:36:09',NULL),('e24a65ea-caec-3448-a7fd-0733bafa382d','2ab93bfc-bbad-306b-b82c-ef4c397b6610','3e469998-af47-4b9d-88f9-463cada7406a',1,1,1,1,0,'2021-08-26 21:36:09','2021-08-26 21:36:09',NULL),('e24a65ea-caec-3448-a7fd-0733bafa384d','4dd35b56-cf8b-334f-a497-287ec47bdc04','3e469998-af47-4b9d-88f9-463cada7406a',1,1,1,1,0,'2021-08-26 21:36:09','2021-08-26 21:36:09',NULL),('e24a65ea-caec-3448-a7fd-0733cafa382d','2ab93bfc-bbad-306b-b82c-ef4c397b6610','3e469998-af47-4b9d-88f9-463cada7206a',1,1,1,1,0,'2021-08-26 21:36:09','2021-08-26 21:36:09',NULL),('e24a65ea-caec-3448-a7fs-0733cafa382d','2ab93bfc-bbad-306b-b82c-ef4c397b6610','3e469998-af47-4b9d-88f9-463cada7407a',1,1,1,1,0,'2021-08-26 21:36:09','2021-08-26 21:36:09','2021-08-26 21:36:09'),('e24a65ea-cwec-3448-a7fd-0733badm384d','4dd35b56-cf8b-334f-a497-287ec47bdc04','3be55c7b-e194-4691-95e1-450964f05678',1,1,1,1,0,'2021-08-26 21:36:09','2021-08-26 21:36:09',NULL),('e2e7013c-0e8b-4f04-a7d2-b4a5b022b4d3','2ab93bfc-bbad-306b-b82c-ef4c397b6610','3be55c7b-e194-4691-95e1-450964f05678',NULL,0,NULL,NULL,NULL,'2021-09-11 08:31:41','2021-09-11 08:40:08',NULL),('e4f51431-4108-4451-9b55-3cb6e4e908df','2ab93bfc-bbad-306b-b82c-ef4c397b6610','0064bd20-0239-4380-a7c6-4c94e137b94d',1,1,NULL,NULL,NULL,'2021-09-11 23:01:44','2021-09-11 23:01:46',NULL),('f33b7eeb-4ae3-4c55-840c-3cd7f22700b5','4dd35b56-cf8b-334f-a497-287ec47bdc04','55e4e45a-1e63-429b-b2a1-f06ef4edbfac',1,1,1,1,NULL,'2021-09-11 18:16:35','2021-09-11 18:16:38',NULL);
/*!40000 ALTER TABLE `role_privilege` ENABLE KEYS */;
UNLOCK TABLES;

--
-- Table structure for table `user_role`
--

DROP TABLE IF EXISTS `user_role`;
/*!40101 SET @saved_cs_client     = @@character_set_client */;
/*!50503 SET character_set_client = utf8mb4 */;
CREATE TABLE `user_role` (
  `id_user_role` varchar(36) NOT NULL,
  `id_role` varchar(36) DEFAULT NULL,
  `id_user` varchar(36) CHARACTER SET utf8mb4 COLLATE utf8mb4_unicode_ci DEFAULT NULL,
  `created_at` timestamp NULL DEFAULT NULL,
  `updated_at` timestamp NULL DEFAULT NULL,
  `deleted_at` timestamp NULL DEFAULT NULL,
  PRIMARY KEY (`id_user_role`),
  KEY `user_role_FK` (`id_role`),
  KEY `user_role_FK_1` (`id_user`),
  CONSTRAINT `user_role_FK` FOREIGN KEY (`id_role`) REFERENCES `role` (`id_role`),
  CONSTRAINT `user_role_FK_1` FOREIGN KEY (`id_user`) REFERENCES `users` (`id_user`)
) ENGINE=InnoDB DEFAULT CHARSET=utf8mb4 COLLATE=utf8mb4_0900_ai_ci;
/*!40101 SET character_set_client = @saved_cs_client */;

--
-- Dumping data for table `user_role`
--

LOCK TABLES `user_role` WRITE;
/*!40000 ALTER TABLE `user_role` DISABLE KEYS */;
INSERT INTO `user_role` VALUES ('0f1355aa-def9-41ff-8ee9-81ce65a420c3','4dd35b56-cf8b-334f-a497-287ec47bdc04','3069bd28-7104-42e3-957f-65e8534e2fd7','2021-09-11 11:10:15','2021-09-11 11:10:15',NULL),('4dd35b56-cf8b-334f-a497-287ec47bdc24','4dd35b56-cf8b-334f-a497-287ec47bdc04','1','2021-08-26 21:36:09','2021-08-26 21:36:09',NULL),('4dd35b56-cf8b-334f-a497-287ec47wdc24','2ab93bfc-bbad-306b-b82c-ef4c397b6610','1','2021-08-26 21:36:09','2021-08-26 21:36:09',NULL),('635c3a07-c5d0-4299-80f9-91c5836b945f','2ab93bfc-bbad-306b-b82c-ef4c397b6610','d762b9e0-891e-46a4-b86a-7d86550489f6','2021-09-11 11:08:01','2021-09-11 11:08:11','2021-09-11 11:08:11'),('699f5f12-a16c-4c46-87bc-67a46c7d3e4d','2ab93bfc-bbad-306b-b82c-ef4c397b6610','c8c549d2-dbd8-4225-a527-7e1e930c35f3','2021-09-11 10:26:09','2021-09-11 10:26:09',NULL),('75669b59-5bd2-4a28-b155-e5c2d3d51baf','4dd35b56-cf8b-334f-a497-287ec47bdc04','d762b9e0-891e-46a4-b86a-7d86550489f6','2021-09-11 11:09:39','2021-09-11 11:09:45','2021-09-11 11:09:45'),('8395b9ee-5114-4ab8-bb04-2990a1e0fb91','4dd35b56-cf8b-334f-a497-287ec47bdc04','d762b9e0-891e-46a4-b86a-7d86550489f6','2021-09-11 11:08:11','2021-09-11 11:09:39','2021-09-11 11:09:39'),('8adc1aab-7b5f-416c-b8cc-557ad1e3885b','4dd35b56-cf8b-334f-a497-287ec47bdc04','d762b9e0-891e-46a4-b86a-7d86550489f6','2021-09-11 11:09:45','2021-09-11 11:09:45',NULL),('cdf5dcb3-d881-4665-9534-c483cd36f3e9','2ab93bfc-bbad-306b-b82c-ef4c397b6610','d762b9e0-891e-46a4-b86a-7d86550489f6','2021-09-11 11:08:11','2021-09-11 11:09:39','2021-09-11 11:09:39'),('e236e38a-7cb3-458e-9fa5-e96641a9c36c','4dd35b56-cf8b-334f-a497-287ec47bdc04','d762b9e0-891e-46a4-b86a-7d86550489f6','2021-09-11 11:08:01','2021-09-11 11:08:11','2021-09-11 11:08:11'),('e542ff71-1324-475b-b786-fd6350c337f8','4dd35b56-cf8b-334f-a497-287ec47bdc04','c8c549d2-dbd8-4225-a527-7e1e930c35f3','2021-09-11 10:26:09','2021-09-11 10:26:09',NULL),('f01ff450-a86d-431b-bf25-3a1b2f8e67a3','2ab93bfc-bbad-306b-b82c-ef4c397b6610','d762b9e0-891e-46a4-b86a-7d86550489f6','2021-09-11 10:26:34','2021-09-11 11:07:35','2021-09-11 11:07:35'),('f5c6904b-81de-49ee-9a61-77dc1ebc6eb6','2ab93bfc-bbad-306b-b82c-ef4c397b6610','3069bd28-7104-42e3-957f-65e8534e2fd7','2021-09-11 11:10:15','2021-09-11 11:10:15',NULL);
/*!40000 ALTER TABLE `user_role` ENABLE KEYS */;
UNLOCK TABLES;

--
-- Table structure for table `users`
--

DROP TABLE IF EXISTS `users`;
/*!40101 SET @saved_cs_client     = @@character_set_client */;
/*!50503 SET character_set_client = utf8mb4 */;
CREATE TABLE `users` (
  `id_user` varchar(36) COLLATE utf8mb4_unicode_ci NOT NULL,
  `name` varchar(25) CHARACTER SET utf8mb4 COLLATE utf8mb4_unicode_ci NOT NULL,
  `email` varchar(50) COLLATE utf8mb4_unicode_ci NOT NULL,
  `password` varchar(255) COLLATE utf8mb4_unicode_ci DEFAULT NULL,
  `photo_path` varchar(100) COLLATE utf8mb4_unicode_ci DEFAULT NULL,
  `remember_token` varchar(100) COLLATE utf8mb4_unicode_ci DEFAULT NULL,
  `created_at` timestamp NULL DEFAULT NULL,
  `updated_at` timestamp NULL DEFAULT NULL,
  `deleted_at` timestamp NULL DEFAULT NULL,
  PRIMARY KEY (`id_user`),
  UNIQUE KEY `users_email_unique` (`email`)
) ENGINE=InnoDB DEFAULT CHARSET=utf8mb4 COLLATE=utf8mb4_unicode_ci;
/*!40101 SET character_set_client = @saved_cs_client */;

--
-- Dumping data for table `users`
--

LOCK TABLES `users` WRITE;
/*!40000 ALTER TABLE `users` DISABLE KEYS */;
INSERT INTO `users` VALUES ('061aedf8-5737-4a1d-a6ab-31324f80fb94','wdw','dwdw@dw.dwdw','$2y$10$6f2HiTWMnm9gqdE29qQZAOiMoFjmREgt6X/D8VyeFmUPhLeso4K6G',NULL,NULL,'2021-09-11 10:25:38','2021-09-11 10:26:15','2021-09-11 10:26:15'),('1','John','johndoe@example.com','$2y$10$N8qx.tvDZqnRsEPplqHoOu36eXc2BCxGL5eBuxY98m4gksMk6a8Sq',NULL,'CfvSaRymljawnWflRi6TbXJYinBxq6MNCHvgrKN5Kp5IF9fEgszUAdbPqTZm','2021-08-19 08:39:22','2021-08-19 08:39:22',NULL),('2','Carmelo','crona.elvis@example.net','$2y$10$HOG0w2T2oWV7ABvfhzw1weGneCtikdtTXMdF.Iqifr3UHmZClqdN.',NULL,'UBpslLROuV','2021-08-19 08:39:23','2021-09-11 09:17:40','2021-09-11 09:17:40'),('3','Sheila','roosevelt22@example.com','$2y$10$MDW3WB78If.Ubs/Y4LcW7.1paTAwQ7qjmUnHPZ9LIt5P6GXUjKIkm',NULL,'nDKGXDdX5N','2021-08-19 08:39:23','2021-09-11 09:17:44','2021-09-11 09:17:44'),('3069bd28-7104-42e3-957f-65e8534e2fd7','Superadmin','admin@admin.com','$2y$10$8JQjlkqQh5AQLjBGfFaE8enTZu5oPTHj6eBGtsBVx7Dl05BnCUEBq',NULL,'yRKPULh6MWxsqF3Aq0FhdMpMeA7e6M9hhHBE3nmkFRtaPbgglH8erzEbS88f','2021-09-11 11:10:15','2021-09-11 11:10:15',NULL),('4','Karine','everardo.miller@example.net','$2y$10$0zcYmFsuS0xPZvpaGDVGTOqX8ZGJRghg0PXOlKD6LXAWXvGkuy5py',NULL,'HVrlZ1KUI8','2021-08-19 08:39:23','2021-09-11 09:17:47','2021-09-11 09:17:47'),('5','Alejandra','fpouros@example.org','$2y$10$HAhu0yRyYsheq5KT3GTs2.hWK4Y/jxjYFD7DHo/74hQ.4gpehowNu',NULL,'h8CNjHYBKZ','2021-08-19 08:39:23','2021-09-11 09:17:49','2021-09-11 09:17:49'),('6','Elmo','rutherford.wellington@example.org','$2y$10$KUheq3j5k80uQedGNRH.eO2FHN5QwN5wOYB1vHfWKoEHaNfQqMapS',NULL,'8ZnY4uJMJbR5faGmtMsJ9APCPhTWDPaBlMQFIaVxzIL7UtHGd6SYAPFMp1Kj','2021-08-19 08:39:23','2021-09-11 09:17:52','2021-09-11 09:17:52'),('6abb8a59-6f44-4773-b50a-fe7e86ab3ac7','dwdw','wdwd@dw.wdw','$2y$10$HWULCYTBcvAuvMWDWMbbqu102R2PErMSbILKmCWpl4mTel03IOXtG',NULL,NULL,'2021-09-11 10:19:33','2021-09-11 10:20:17','2021-09-11 10:20:17'),('6b5be2f0-00f1-4b5f-b3ed-024065722034','dwdw','dw@dwdw.dwdw','$2y$10$SLrfeYDcL0SWZFBbXIQ2a.yz.rjztz//i4iQQwcTcCgnEgTB3QfBq',NULL,NULL,'2021-09-11 10:13:42','2021-09-11 10:13:47','2021-09-11 10:13:47'),('7b6db6ec-a742-423b-b138-8d6c1b2cfe58','wdwd','wdw@wd.wdw','$2y$10$CTxy4.fBd8OzkhNWwxGdq.C/.IfNEIXB7kLuC.AbT73reQlg0IPvS',NULL,NULL,'2021-09-11 10:20:28','2021-09-11 10:26:18','2021-09-11 10:26:18'),('c8c549d2-dbd8-4225-a527-7e1e930c35f3','wdwd','wdw@w.wdwd','$2y$10$XjuowX00UO5rN7eeCYuOZ.qnoPf14xmNop6Yw5ZgcTMCkfA/mHzZS',NULL,NULL,'2021-09-11 10:26:09','2021-09-11 10:26:23','2021-09-11 10:26:23'),('d762b9e0-891e-46a4-b86a-7d86550489f6','dwdw wdwd','sqwsw@wd.wdw','$2y$10$bW8LlLuQmEhZe/qy1Tv0h.o83drNqcr0Q/ZVIRff.gljbqJzkXLoG',NULL,NULL,'2021-09-11 10:26:34','2021-09-11 11:09:55','2021-09-11 11:09:55');
/*!40000 ALTER TABLE `users` ENABLE KEYS */;
UNLOCK TABLES;

--
-- Dumping routines for database 'laravel_react_crm'
--
/*!40103 SET TIME_ZONE=@OLD_TIME_ZONE */;

/*!40101 SET SQL_MODE=@OLD_SQL_MODE */;
/*!40014 SET FOREIGN_KEY_CHECKS=@OLD_FOREIGN_KEY_CHECKS */;
/*!40014 SET UNIQUE_CHECKS=@OLD_UNIQUE_CHECKS */;
/*!40101 SET CHARACTER_SET_CLIENT=@OLD_CHARACTER_SET_CLIENT */;
/*!40101 SET CHARACTER_SET_RESULTS=@OLD_CHARACTER_SET_RESULTS */;
/*!40101 SET COLLATION_CONNECTION=@OLD_COLLATION_CONNECTION */;
/*!40111 SET SQL_NOTES=@OLD_SQL_NOTES */;

-- Dump completed on 2021-09-12 13:06:20
